[2025-12-02 16:48:17] {"event":"login.php load","session_id":"dba42f2e84006929c334257dd90d0d75","has_state":true,"cookie_quill":null,"cookie_sid":"dba42f2e84006929c334257dd90d0d75"}
[2025-12-02 16:48:17] {"event":"ms_state_created","state_saved":"3f658848572e73b2b0dfdf6561985477","session_id":"dba42f2e84006929c334257dd90d0d75","cookie_sid":"dba42f2e84006929c334257dd90d0d75"}
[2025-12-02 16:58:54] {"event":"login.php load","session_id":"dba42f2e84006929c334257dd90d0d75","has_state":true,"cookie_quill":null,"cookie_sid":"dba42f2e84006929c334257dd90d0d75"}
[2025-12-02 16:58:54] {"event":"ms_state_created","state_saved":"ca46bce064e65d6e004093c6b95c16f0","session_id":"dba42f2e84006929c334257dd90d0d75","cookie_sid":"dba42f2e84006929c334257dd90d0d75"}
[2025-12-02 16:58:59] {"event":"callback-enter","_GET":{"code":"M.C515_SN1.2.U.14980036-3550-3209-c946-aaa72b6b333e","state":"ca46bce064e65d6e004093c6b95c16f0"},"session_id":"dba42f2e84006929c334257dd90d0d75","session_state":"ca46bce064e65d6e004093c6b95c16f0","cookie_sid":"dba42f2e84006929c334257dd90d0d75"}
[2025-12-02 16:59:00] {"event":"token-response","resp":"{\"token_type\":\"Bearer\",\"scope\":\"openid email profile User.Read\",\"expires_in\":3599,\"ext_expires_in\":3599,\"access_token\":\"EwBYBMl6BAAUBKgm8k1UswUNwklmy2v7U/S+1fEAAT9DqP1SS+4HrlS+a8GvAc+2dfZZbradmyQpjlbkZULIqMyvkVBh+oNRpRVyZ4VHKSSvpxQS5fb8uI4mbxJzmwR7EuIkTCrRLQc5Lutp9nFzhd/YgfOFnhsdwSzyDD9UlW7WF20azXnN/vS70Z4RjRtygdyIx+byPGTRetRUqbSdiL7n8eCdZCxRuSivGCnpv5SXrcXOM7iOWzDgyF9hHb7aKO0r70cRni5jCOQTmmKAUAHSbtYTmBzwIUnJV0yHhzRYTWvzzKMmQrL5IDLaQueW3rOr8Y6ii5lax5DxE3Qw3lWhD3sNXV8SO78B77dzkwxSJj2u+KeruOOSaCD2ICMQZgAAENJt44ph1Y3lwcwTkiJfYgEgA4TTvAJzT2w7Di3Av6TiDBXMz70otWyEdVfPWpQqoROGCGBA3rkWHRc8RXD70qSlIbQEi0tYDPS8jrfegngOQ5ERbK1hYR2lcXlVYVo4XFGy3I+zI75aM6u55JnUwWcbOA9s9Kemedq93/kEC9IQ8pxkRfO/38ChwBiRBweIxKKHVF5f/zEEBJW7aQOKqd4zIbOHrEeUqK3rBgXSLq6pSSIP95N8BALmqyYNBLlR/wwqaFqitS4nJ/S9i6Uh6rw6WdazsCq4j1IZwsmRGw9xdaGXHZsSPPyxKJTeDb8kV09DAGTpnrICqs5suksvdA0OCOJ7RZ7Ibg88+rBFlBMViism7X+DxZH/84wJPk7qEq16siXGRIf0aSqunpuosSygkICiryEsylWzy+ArakhatZ1d3CDixzU///x/FlgTvJmQxrJsKS4Ww2n4VBzNMs5dCmoL2flkyKhmUM87FK+y","curlErr":""}
[2025-12-02 16:59:00] {"event":"profile-response","profile_raw":"{\"@odata.context\":\"https://graph.microsoft.com/v1.0/$metadata#users/$entity\",\"userPrincipalName\":\"abdelmohsensaleh2013@gmail.com\",\"id\":\"26bdf046fd025d62\",\"displayName\":\"Abdelmohsen Saleh\",\"surname\":\"Saleh\",\"givenName\":\"Abdelmohsen\",\"preferredLanguage\":\"en-US\",\"mail\":\"abdelmohsensaleh2013@gmail.com\",\"mobilePhone\":null,\"jobTitle\":null,\"officeLocation\":null,\"businessPhones\":[]}","curlErr":""}
[2025-12-02 16:59:00] {"event":"found-user","email":"abdelmohsensaleh2013@gmail.com","userId":2}
[2025-12-02 16:59:00] {"event":"created-app-session","userId":2,"appToken":"79cea8c9f30a8c17ca4f56199557d9afe2c378f4dd31069a546d231502411664"}
[2025-12-02 16:59:04] {"event":"login.php load","session_id":"dba42f2e84006929c334257dd90d0d75","has_state":true,"cookie_quill":null,"cookie_sid":"dba42f2e84006929c334257dd90d0d75"}
[2025-12-02 16:59:04] {"event":"ms_state_created","state_saved":"739b07b9fd3fbf87ca95010cfcf2f8d2","session_id":"dba42f2e84006929c334257dd90d0d75","cookie_sid":"dba42f2e84006929c334257dd90d0d75"}
[2025-12-02 16:59:13] {"event":"login.php load","session_id":"dba42f2e84006929c334257dd90d0d75","has_state":true,"cookie_quill":null,"cookie_sid":"dba42f2e84006929c334257dd90d0d75"}
[2025-12-02 16:59:13] {"event":"normal-login-success","user_id":2,"token":"9edcbabcd4e7652f83c2d3b1cbb0b4b75f9eb50daa17b4b4a4d60062ca073087","session_id":"dba42f2e84006929c334257dd90d0d75"}
[2025-12-02 16:59:17] {"event":"login.php load","session_id":"dba42f2e84006929c334257dd90d0d75","has_state":true,"cookie_quill":null,"cookie_sid":"dba42f2e84006929c334257dd90d0d75"}
[2025-12-02 16:59:17] {"event":"ms_state_created","state_saved":"241f095f417a486e06e6574a6af9c8a9","session_id":"dba42f2e84006929c334257dd90d0d75","cookie_sid":"dba42f2e84006929c334257dd90d0d75"}
[2025-12-02 17:00:14] {"event":"login.php load","session_id":"dba42f2e84006929c334257dd90d0d75","has_state":true,"cookie_quill":null,"cookie_sid":"dba42f2e84006929c334257dd90d0d75"}
[2025-12-02 17:00:14] {"event":"normal-login-success","user_id":1,"token":"a075dd6bf8192e42499bb3ee80523a02bac5dfe1533bac8ccad364e63dfd414d","session_id":"dba42f2e84006929c334257dd90d0d75"}
[2025-12-02 17:00:22] {"event":"login.php load","session_id":"7fae9cc3d1b28330517c6b2abdeb158e","has_state":false,"cookie_quill":null,"cookie_sid":null}
[2025-12-02 17:00:22] {"event":"ms_state_created","state_saved":"882f65929a5f153e6a767887b65ced72","session_id":"7fae9cc3d1b28330517c6b2abdeb158e","cookie_sid":null}
[2025-12-02 17:04:27] {"event":"login.php load","session_id":"7fae9cc3d1b28330517c6b2abdeb158e","has_state":true,"cookie_quill":null,"cookie_sid":"7fae9cc3d1b28330517c6b2abdeb158e"}
[2025-12-02 17:04:27] {"event":"ms_state_created","state_saved":"e3162a0632d27dbacb4143977679747f","session_id":"7fae9cc3d1b28330517c6b2abdeb158e","cookie_sid":"7fae9cc3d1b28330517c6b2abdeb158e"}
[2025-12-02 17:04:45] {"event":"callback-enter","_GET":{"code":"M.C515_BAY.2.U.c90aa27d-a18f-b7e8-2f99-518b2237439d","state":"e3162a0632d27dbacb4143977679747f"},"session_id":"7fae9cc3d1b28330517c6b2abdeb158e","session_state":"e3162a0632d27dbacb4143977679747f","cookie_sid":"7fae9cc3d1b28330517c6b2abdeb158e"}
[2025-12-02 17:04:46] {"event":"token-response","resp":"{\"token_type\":\"Bearer\",\"scope\":\"openid email profile User.Read\",\"expires_in\":3599,\"ext_expires_in\":3599,\"access_token\":\"EwBYBMl6BAAUBKgm8k1UswUNwklmy2v7U/S+1fEAAXaDYP/TxDGvrT0EEwLHJXKP6LajR8yW9rjlkGusefJnc224RLRmdXhXlgnoAQC6rZaH6KGAByzEUXYp4i9lv28ScFWjgGAXfoCSurxazCWYzp6wMlDKAuxJfYd6gsEsp8pElnOe9t0RrVIaW+umqY59e+9Fvx3sObdZqvbvlRxsB/vruAHP9rNek2ms/4LRYVpeop2iioC7S/hLovK/nHtmpuNXsRtBFjIuOxPKAYiMVd7QxRqlShgNdTCPv4Dki/1SMyIIav22BFtA+5XP/G1u4KWcrkNdeDTZK1lSc0aNwYdo6/GbdBuH86PvXD2z772OncK87I/GkLX8hENhOKEQZgAAEBEnAwLcv4oHZxcvVEQCkpogA8EEL6klOlpTaDqAgTTe0JYje48n60LZty1JR6xuuQbMDKLHvpx/c1J6aeZ6EuoGYR03HAd3j35dLT7fjYVlNpRCfzK8TiCikyqS/39gSUP2fPRzrh6XZtoZSHx/DkoltqDy7KRR0LWkdZA+B5+BMVOp28xpoGcRbvBl3Qq535ZdSIP0kJ6yiP7APrbb3toou/x4WHpuU+e2IlRzZvLZKbBgLQXmqpMKmho9C06HIXfUHzu6Vw96fDD32GrQLxJme7NwTh+DDv+mJM+pExGmG6as3/U6iBBCn5A+1QLvxY3kJPOH81h3cd+HMwv6xuiKlXzHOnHapaCu+72hIhNf5d6GNM0iXaeLZjkkvf5ro+8OYMF+T3dH+iwzkh+mMrHldNicSmhjDLnbUG2Fkza6JPjBruZJSlbI4bJP3lPxjauI8l4rVkQryt3h5HWTncGFDJe6UBzBubkj3NCHEsNz","curlErr":""}
[2025-12-02 17:04:47] {"event":"profile-response","profile_raw":"{\"@odata.context\":\"https://graph.microsoft.com/v1.0/$metadata#users/$entity\",\"userPrincipalName\":\"abdelmohsensaleh2013@gmail.com\",\"id\":\"26bdf046fd025d62\",\"displayName\":\"Abdelmohsen Saleh\",\"surname\":\"Saleh\",\"givenName\":\"Abdelmohsen\",\"preferredLanguage\":\"en-US\",\"mail\":\"abdelmohsensaleh2013@gmail.com\",\"mobilePhone\":null,\"jobTitle\":null,\"officeLocation\":null,\"businessPhones\":[]}","curlErr":""}
[2025-12-02 17:04:47] {"event":"found-user","email":"abdelmohsensaleh2013@gmail.com","userId":2}
[2025-12-02 17:04:47] {"event":"created-app-session","userId":2,"appToken":"9b7be80ed19512c34a7fabcc161b871d8b606c6261bd2de5004642e2897a3362"}
[2025-12-02 17:04:50] {"event":"login.php load","session_id":"7fae9cc3d1b28330517c6b2abdeb158e","has_state":false,"cookie_quill":null,"cookie_sid":"7fae9cc3d1b28330517c6b2abdeb158e"}
[2025-12-02 17:04:50] {"event":"ms_state_created","state_saved":"2744aa53344dd6d16897947e799462df","session_id":"7fae9cc3d1b28330517c6b2abdeb158e","cookie_sid":"7fae9cc3d1b28330517c6b2abdeb158e"}
[2025-12-02 17:04:52] {"event":"callback-enter","_GET":{"code":"M.C515_BAY.2.U.82a14e8c-d6f1-3ecb-8273-dc3f69aaaed2","state":"2744aa53344dd6d16897947e799462df"},"session_id":"7fae9cc3d1b28330517c6b2abdeb158e","session_state":"2744aa53344dd6d16897947e799462df","cookie_sid":"7fae9cc3d1b28330517c6b2abdeb158e"}
[2025-12-02 17:04:53] {"event":"token-response","resp":"{\"token_type\":\"Bearer\",\"scope\":\"openid email profile User.Read\",\"expires_in\":3599,\"ext_expires_in\":3599,\"access_token\":\"EwBYBMl6BAAUBKgm8k1UswUNwklmy2v7U/S+1fEAAblWOZriAQ4pneHn8s58kr+/ypRDY8ic5rvhHnVV/1x53r34k1mZWRi5R3moijPPd0iQXYOWKFKqbfDArPigs1eqSsUXy2OeaC+hl0L+zhHhS3Wjn9QBwMJkh+zDJfZCRD40hkETmrUi7+h4NOxUJLcM2h7uP8VXyxiNUxBR9V4qfjvEf5bOFSz1XbykrvRP+h/KF6+7aM0t0siJy3uSoEUQh9ZG/rYPl5XmigI1GC0pdi3MsvxSDrlybA3cImnYUNNrfSrL8qXgHrDbPlBmjfSoGFT1kCj6QXHw1bp3nQpGF0j23Zfb5PjKcTeG9DmfjLZNrDHSjtWpQzlJWp+tWIIQZgAAEHdz5jQZdZ/H7AHuH0gRQqYgA4iqbybSct1SVo+NwtufFcChBqWisBWuV0LoJWQzNkGVW2iqW0m8W0zsUT9p5gHZ6kwfhCk4FIm47CfR5CzxpCcHuzH48lsaC+nCyQ4si9gXPl6eZHKhpPVpu+fcdv3KwEZn5g0nvndOZK/BE4YmzlLXTNJrDR+vW/3znJz9T2EdO1VnpW+C5xaUGZ6h3VZCFtSHJciHN0ISudvAXkK+r67XL01pyMpdaSe5i8v/J4W9oqa6qZvyEradq4Nfahv9BdcWnljLDsDX5KunRZaOb3jeH0u8ZgGOk3UJtGxr5+iwpsz2KCtmzCN+6B/H2W6oh2gXvQROQmRQephapi+w1lilDgpBPP63aJdYIL7+sSO18GWDzmmtX4WHUMtlr/o1jwVkym/aRbeFUs+e3WitQNZYfZ2Es8bXp89xuumn1mFk/7NBuCcVg6/NQBhH0p0QRyCgDGz9yuDBpRJwzRXF","curlErr":""}
[2025-12-02 17:04:53] {"event":"profile-response","profile_raw":"{\"@odata.context\":\"https://graph.microsoft.com/v1.0/$metadata#users/$entity\",\"userPrincipalName\":\"abdelmohsensaleh2013@gmail.com\",\"id\":\"26bdf046fd025d62\",\"displayName\":\"Abdelmohsen Saleh\",\"surname\":\"Saleh\",\"givenName\":\"Abdelmohsen\",\"preferredLanguage\":\"en-US\",\"mail\":\"abdelmohsensaleh2013@gmail.com\",\"mobilePhone\":null,\"jobTitle\":null,\"officeLocation\":null,\"businessPhones\":[]}","curlErr":""}
[2025-12-02 17:04:53] {"event":"found-user","email":"abdelmohsensaleh2013@gmail.com","userId":2}
[2025-12-02 17:04:53] {"event":"created-app-session","userId":2,"appToken":"6a3e2b414e69f8bca73e9fbd0aebb875c74c3bb78c0d05dee35548a13a9c8949"}
[2025-12-02 17:04:58] {"event":"login.php load","session_id":"7fae9cc3d1b28330517c6b2abdeb158e","has_state":true,"cookie_quill":null,"cookie_sid":"7fae9cc3d1b28330517c6b2abdeb158e"}
[2025-12-02 17:04:58] {"event":"ms_state_created","state_saved":"80dde7675ae56d889f647f86e27878a9","session_id":"7fae9cc3d1b28330517c6b2abdeb158e","cookie_sid":"7fae9cc3d1b28330517c6b2abdeb158e"}
[2025-12-02 17:05:05] {"event":"login.php load","session_id":"7fae9cc3d1b28330517c6b2abdeb158e","has_state":true,"cookie_quill":null,"cookie_sid":"7fae9cc3d1b28330517c6b2abdeb158e"}
[2025-12-02 17:05:05] {"event":"normal-login-success","user_id":2,"token":"8c1e4bb1d3c16800cfd93edd114b3153debceac6f6cce6dccb20a709f86f156e","session_id":"7fae9cc3d1b28330517c6b2abdeb158e"}
[2025-12-02 17:05:10] {"event":"login.php load","session_id":"7fae9cc3d1b28330517c6b2abdeb158e","has_state":true,"cookie_quill":null,"cookie_sid":"7fae9cc3d1b28330517c6b2abdeb158e"}
[2025-12-02 17:05:10] {"event":"ms_state_created","state_saved":"94e9240aa2c9469eb58bbaf190bcf817","session_id":"7fae9cc3d1b28330517c6b2abdeb158e","cookie_sid":"7fae9cc3d1b28330517c6b2abdeb158e"}
[2025-12-02 17:16:21] {"event":"login.php load","session_id":"7fae9cc3d1b28330517c6b2abdeb158e","has_state":true,"cookie_quill":null,"cookie_sid":"7fae9cc3d1b28330517c6b2abdeb158e"}
[2025-12-02 17:16:21] {"event":"ms_state_created","state_saved":"e11d15425600b560b07c3d94665506b5","session_id":"7fae9cc3d1b28330517c6b2abdeb158e","cookie_sid":"7fae9cc3d1b28330517c6b2abdeb158e"}
[2025-12-02 17:16:30] {"event":"login.php load","session_id":"7fae9cc3d1b28330517c6b2abdeb158e","has_state":true,"cookie_quill":null,"cookie_sid":"7fae9cc3d1b28330517c6b2abdeb158e"}
[2025-12-02 17:16:30] {"event":"normal-login-success","user_id":2,"token":"fa6989547c19a49329b6a378625315498127524ac79c4466b726cafa6ca6b0d3","session_id":"7fae9cc3d1b28330517c6b2abdeb158e"}
[2025-12-02 17:16:36] {"event":"login.php load","session_id":"7fae9cc3d1b28330517c6b2abdeb158e","has_state":false,"cookie_quill":null,"cookie_sid":"7fae9cc3d1b28330517c6b2abdeb158e"}
[2025-12-02 17:16:36] {"event":"ms_state_created","state_saved":"e1ca59783decf7f6c05040b0089cf7ed","session_id":"7fae9cc3d1b28330517c6b2abdeb158e","cookie_sid":"7fae9cc3d1b28330517c6b2abdeb158e"}
[2025-12-02 17:16:42] {"event":"login.php load","session_id":"7fae9cc3d1b28330517c6b2abdeb158e","has_state":true,"cookie_quill":null,"cookie_sid":"7fae9cc3d1b28330517c6b2abdeb158e"}
[2025-12-02 17:16:42] {"event":"normal-login-success","user_id":2,"token":"ac5fc429e1d711e1609372a542f84eef61e8ca7edc122aec16585caaf3283a91","session_id":"f1c660e1fc56db0f44d13738a2ea1c5d"}
[2025-12-02 17:16:47] {"event":"login.php load","session_id":"f1c660e1fc56db0f44d13738a2ea1c5d","has_state":true,"cookie_quill":null,"cookie_sid":"f1c660e1fc56db0f44d13738a2ea1c5d"}
[2025-12-02 17:16:47] {"event":"ms_state_created","state_saved":"895ab030565b572a50cd306b77d726a3","session_id":"f1c660e1fc56db0f44d13738a2ea1c5d","cookie_sid":"f1c660e1fc56db0f44d13738a2ea1c5d"}
[2025-12-02 17:16:53] {"event":"login.php load","session_id":"f1c660e1fc56db0f44d13738a2ea1c5d","has_state":true,"cookie_quill":null,"cookie_sid":"f1c660e1fc56db0f44d13738a2ea1c5d"}
[2025-12-02 17:16:53] {"event":"normal-login-success","user_id":2,"token":"fe3c86f290b34dadbf70c07ad2ad9f00b61ae7563c69d06f705c20285d28352c","session_id":"f1c660e1fc56db0f44d13738a2ea1c5d"}
[2025-12-02 17:16:57] {"event":"login.php load","session_id":"f1c660e1fc56db0f44d13738a2ea1c5d","has_state":false,"cookie_quill":null,"cookie_sid":"f1c660e1fc56db0f44d13738a2ea1c5d"}
[2025-12-02 17:16:57] {"event":"ms_state_created","state_saved":"eb4d9bf8bd94892450415968858910f4","session_id":"f1c660e1fc56db0f44d13738a2ea1c5d","cookie_sid":"f1c660e1fc56db0f44d13738a2ea1c5d"}
[2025-12-02 17:19:47] {"event":"login.php load","session_id":"f1c660e1fc56db0f44d13738a2ea1c5d","has_state":true,"cookie_quill":null,"cookie_sid":"f1c660e1fc56db0f44d13738a2ea1c5d"}
[2025-12-02 17:19:47] {"event":"ms_state_created","state_saved":"0a95d03c69d1c4122ac767703eb47a1b","session_id":"f1c660e1fc56db0f44d13738a2ea1c5d","cookie_sid":"f1c660e1fc56db0f44d13738a2ea1c5d"}
[2025-12-02 17:19:53] {"event":"login.php load","session_id":"f1c660e1fc56db0f44d13738a2ea1c5d","has_state":true,"cookie_quill":null,"cookie_sid":"f1c660e1fc56db0f44d13738a2ea1c5d"}
[2025-12-02 17:19:53] {"event":"ms_state_created","state_saved":"5af75e8df0d181d9e2d721168292d122","session_id":"f1c660e1fc56db0f44d13738a2ea1c5d","cookie_sid":"f1c660e1fc56db0f44d13738a2ea1c5d"}
[2025-12-02 17:20:00] {"event":"login.php load","session_id":"f1c660e1fc56db0f44d13738a2ea1c5d","has_state":true,"cookie_quill":null,"cookie_sid":"f1c660e1fc56db0f44d13738a2ea1c5d"}
[2025-12-02 17:20:00] {"event":"ms_state_created","state_saved":"b01f1940c9d872805fc28149d169bbdd","session_id":"f1c660e1fc56db0f44d13738a2ea1c5d","cookie_sid":"f1c660e1fc56db0f44d13738a2ea1c5d"}
[2025-12-02 17:20:02] {"event":"login.php load","session_id":"f1c660e1fc56db0f44d13738a2ea1c5d","has_state":true,"cookie_quill":null,"cookie_sid":"f1c660e1fc56db0f44d13738a2ea1c5d"}
[2025-12-02 17:20:02] {"event":"ms_state_created","state_saved":"96bca4c075f655d5e78c1b7d94749d84","session_id":"f1c660e1fc56db0f44d13738a2ea1c5d","cookie_sid":"f1c660e1fc56db0f44d13738a2ea1c5d"}
[2025-12-02 17:20:05] {"event":"login.php load","session_id":"f1c660e1fc56db0f44d13738a2ea1c5d","has_state":true,"cookie_quill":null,"cookie_sid":"f1c660e1fc56db0f44d13738a2ea1c5d"}
[2025-12-02 17:20:05] {"event":"ms_state_created","state_saved":"b6dff2c19dc183a0d433f5525c8f1eb9","session_id":"f1c660e1fc56db0f44d13738a2ea1c5d","cookie_sid":"f1c660e1fc56db0f44d13738a2ea1c5d"}
[2025-12-02 17:20:31] {"event":"login.php load","session_id":"f1c660e1fc56db0f44d13738a2ea1c5d","has_state":true,"cookie_quill":null,"cookie_sid":"f1c660e1fc56db0f44d13738a2ea1c5d"}
[2025-12-02 17:20:31] {"event":"ms_state_created","state_saved":"427dbd479e9c483b8e0180c73edce90c","session_id":"f1c660e1fc56db0f44d13738a2ea1c5d","cookie_sid":"f1c660e1fc56db0f44d13738a2ea1c5d"}
[2025-12-02 17:20:33] {"event":"login.php load","session_id":"f1c660e1fc56db0f44d13738a2ea1c5d","has_state":true,"cookie_quill":null,"cookie_sid":"f1c660e1fc56db0f44d13738a2ea1c5d"}
[2025-12-02 17:20:33] {"event":"ms_state_created","state_saved":"cae237675d0e7372975eb7fd9261c6f4","session_id":"f1c660e1fc56db0f44d13738a2ea1c5d","cookie_sid":"f1c660e1fc56db0f44d13738a2ea1c5d"}
[2025-12-02 17:20:35] {"event":"login.php load","session_id":"f1c660e1fc56db0f44d13738a2ea1c5d","has_state":true,"cookie_quill":null,"cookie_sid":"f1c660e1fc56db0f44d13738a2ea1c5d"}
[2025-12-02 17:20:35] {"event":"ms_state_created","state_saved":"1db26ec643ef0e4dca4e8162e1c7c866","session_id":"f1c660e1fc56db0f44d13738a2ea1c5d","cookie_sid":"f1c660e1fc56db0f44d13738a2ea1c5d"}
[2025-12-02 17:20:43] {"event":"login.php load","session_id":"f1c660e1fc56db0f44d13738a2ea1c5d","has_state":true,"cookie_quill":null,"cookie_sid":"f1c660e1fc56db0f44d13738a2ea1c5d"}
[2025-12-02 17:20:43] {"event":"ms_state_created","state_saved":"e163be4d8415efdc19a452e79abec373","session_id":"f1c660e1fc56db0f44d13738a2ea1c5d","cookie_sid":"f1c660e1fc56db0f44d13738a2ea1c5d"}
[2025-12-02 17:20:44] {"event":"login.php load","session_id":"f1c660e1fc56db0f44d13738a2ea1c5d","has_state":true,"cookie_quill":null,"cookie_sid":"f1c660e1fc56db0f44d13738a2ea1c5d"}
[2025-12-02 17:20:44] {"event":"ms_state_created","state_saved":"d201d555bb2dbd5532e22b8b3fbed31e","session_id":"f1c660e1fc56db0f44d13738a2ea1c5d","cookie_sid":"f1c660e1fc56db0f44d13738a2ea1c5d"}
[2025-12-02 17:25:15] {"event":"callback-enter","_GET":{"code":"M.C515_BL2.2.U.1b2f8dbb-5019-31f1-92ce-b0ff98cd0cb7"},"session_id":"f1c660e1fc56db0f44d13738a2ea1c5d","session_state":"d201d555bb2dbd5532e22b8b3fbed31e","cookie_sid":"f1c660e1fc56db0f44d13738a2ea1c5d"}
[2025-12-02 17:25:15] {"event":"callback-missing-code-or-state","_GET":{"code":"M.C515_BL2.2.U.1b2f8dbb-5019-31f1-92ce-b0ff98cd0cb7"}}
[2025-12-02 17:26:13] {"event":"callback-enter","_GET":{"code":"M.C515_SN1.2.U.25cb449b-2f08-5303-2167-39a84f7ae39a","state":"46ef470def03f6f10ee16c6d77763f40"},"session_id":"f1c660e1fc56db0f44d13738a2ea1c5d","session_state":"46ef470def03f6f10ee16c6d77763f40","cookie_sid":"f1c660e1fc56db0f44d13738a2ea1c5d"}
[2025-12-02 17:26:14] {"event":"token-response","resp":"{\"token_type\":\"Bearer\",\"scope\":\"openid email profile User.Read\",\"expires_in\":3599,\"ext_expires_in\":3599,\"access_token\":\"EwBYBMl6BAAUBKgm8k1UswUNwklmy2v7U/S+1fEAAaxUAWwlxdUy4Zr9ZPsngydrazzRCg3D02vwroVah1Yj3X9+7jT41cbVV/pabhMuuCRQJ15eKy0QTMF83vxogJPEI6jNsH48ZOB3Sss+wwM/FAo9yDy2NulMSGplUr7bB8dQlq8Wfkktdkezafb3Ucuw04KK5Ipdycm0KZCIQ+SRs9UpHcEo3lXUv1a4KbIBtl9FKq9ahow5yK8QFUwjqMKUTMJwSz/koW65yBnz37lenpoFTDfNn0TYx+l91AjxQb6bCeaeTKNqGSs5w3nOBbr3fYMNXci+TD5FhjvLPdehd2+CMJcJxWZ7ylnX2d9KfuTu09jDLQd6Nq//nUNNZi4QZgAAEONlnpMeW9wig9YDvZU450QgA9sxa4e5/quirEGpLt66ggYi8hfBvaKo9LLVRL3nHjjzGdpsLYLD9UpvBG9O3NHZE42VnR18VO79lkOCjnYdw68B+kL1fBcOyjoECGFpYvvjgaoeVsj+dH3TyN2mxdybsVNKZXb57bAwM2HQS2i6/TsmT0aA8MVsof/keJ9SYiVcrYXzStpNjMo/pPng5Rf5pfdH9Qh0MrE6RVAxh3H4TteCJ9m4a5Y7qi1TmRE9k050vYpp/zZ1JWtUXZSGl/S/j/Udx5fzQucyhNYi1m060sbgOVzFnYphUpSlfKuo2iQuZJD2zFB/N6AvPHgwcyjxuiAmUExxu+Q7lWFKChOc2+2Qtk9Qh1jxzCnq/JgJ6J0ghfdL1zXyFowpZqmiDHaQg0HMxbKGGhIBHVHOd8A3IVJz0GAVr580b72wLWRF1xRBdeQ0acxls/ZQi13PAT5iWKQU8jpF+KQTloIq4y6r","curlErr":""}
[2025-12-02 17:26:14] {"event":"profile-response","profile_raw":"{\"@odata.context\":\"https://graph.microsoft.com/v1.0/$metadata#users/$entity\",\"userPrincipalName\":\"abdelmohsensaleh2013@gmail.com\",\"id\":\"26bdf046fd025d62\",\"displayName\":\"Abdelmohsen Saleh\",\"surname\":\"Saleh\",\"givenName\":\"Abdelmohsen\",\"preferredLanguage\":\"en-US\",\"mail\":\"abdelmohsensaleh2013@gmail.com\",\"mobilePhone\":null,\"jobTitle\":null,\"officeLocation\":null,\"businessPhones\":[]}","curlErr":""}
[2025-12-02 17:26:14] {"event":"found-user","email":"abdelmohsensaleh2013@gmail.com","userId":2}
[2025-12-02 17:26:14] {"event":"created-app-session","userId":2,"appToken":"8bdd33f19895b47ebe493c1c929211ed588a8d90783b158a195abbc0c7f6dcd3"}
[2025-12-02 19:52:02] {"event":"login.php load","session_id":"f1c660e1fc56db0f44d13738a2ea1c5d","has_state":true,"cookie_quill":null,"cookie_sid":"f1c660e1fc56db0f44d13738a2ea1c5d"}
[2025-12-02 19:52:02] {"event":"ms_state_created","state_saved":"6773e13848be5c85b060b97aff89e19e","session_id":"f1c660e1fc56db0f44d13738a2ea1c5d","cookie_sid":"f1c660e1fc56db0f44d13738a2ea1c5d"}
[2025-12-02 20:54:08] {"event":"login.php load","session_id":"f1c660e1fc56db0f44d13738a2ea1c5d","has_state":true,"cookie_quill":null,"cookie_sid":"f1c660e1fc56db0f44d13738a2ea1c5d"}
[2025-12-02 20:54:08] {"event":"ms_state_created","state_saved":"045208c5145e40d489eba148fd9570d9","session_id":"f1c660e1fc56db0f44d13738a2ea1c5d","cookie_sid":"f1c660e1fc56db0f44d13738a2ea1c5d"}
[2025-12-02 20:54:56] {"event":"login.php load","session_id":"f1c660e1fc56db0f44d13738a2ea1c5d","has_state":true,"cookie_quill":null,"cookie_sid":"f1c660e1fc56db0f44d13738a2ea1c5d"}
[2025-12-02 20:54:56] {"event":"ms_state_created","state_saved":"21bb4af85e0689fb81a0400fd513e8a0","session_id":"f1c660e1fc56db0f44d13738a2ea1c5d","cookie_sid":"f1c660e1fc56db0f44d13738a2ea1c5d"}
[2025-12-02 20:55:23] {"event":"login.php load","session_id":"f1c660e1fc56db0f44d13738a2ea1c5d","has_state":true,"cookie_quill":null,"cookie_sid":"f1c660e1fc56db0f44d13738a2ea1c5d"}
[2025-12-02 20:55:23] {"event":"ms_state_created","state_saved":"db7361cbd52b67947c4ad447b37a35fd","session_id":"f1c660e1fc56db0f44d13738a2ea1c5d","cookie_sid":"f1c660e1fc56db0f44d13738a2ea1c5d"}
[2025-12-02 20:56:07] {"event":"login.php load","session_id":"f1c660e1fc56db0f44d13738a2ea1c5d","has_state":true,"cookie_quill":null,"cookie_sid":"f1c660e1fc56db0f44d13738a2ea1c5d"}
[2025-12-02 20:56:07] {"event":"ms_state_created","state_saved":"dc61a06724eaa89ca96e8836f4c25875","session_id":"f1c660e1fc56db0f44d13738a2ea1c5d","cookie_sid":"f1c660e1fc56db0f44d13738a2ea1c5d"}
[2025-12-02 21:03:09] {"event":"login.php load","session_id":"f1c660e1fc56db0f44d13738a2ea1c5d","has_state":true,"cookie_quill":null,"cookie_sid":"f1c660e1fc56db0f44d13738a2ea1c5d"}
[2025-12-02 21:03:09] {"event":"ms_state_created","state_saved":"70a855391f28ddbde91eb5baf1547b36","session_id":"f1c660e1fc56db0f44d13738a2ea1c5d","cookie_sid":"f1c660e1fc56db0f44d13738a2ea1c5d"}
[2025-12-02 21:04:23] {"event":"login.php load","session_id":"f1c660e1fc56db0f44d13738a2ea1c5d","has_state":true,"cookie_quill":null,"cookie_sid":"f1c660e1fc56db0f44d13738a2ea1c5d"}
[2025-12-02 21:04:23] {"event":"ms_state_created","state_saved":"5100a7ad0752ced6cc7ea96ad9f39ffd","session_id":"f1c660e1fc56db0f44d13738a2ea1c5d","cookie_sid":"f1c660e1fc56db0f44d13738a2ea1c5d"}
[2025-12-02 21:09:57] {"event":"login.php load","session_id":"f1c660e1fc56db0f44d13738a2ea1c5d","has_state":true,"cookie_quill":null,"cookie_sid":"f1c660e1fc56db0f44d13738a2ea1c5d"}
[2025-12-02 21:09:57] {"event":"ms_state_created","state_saved":"a0981f0912d89fd9ab3b1597264f3b90","session_id":"f1c660e1fc56db0f44d13738a2ea1c5d","cookie_sid":"f1c660e1fc56db0f44d13738a2ea1c5d"}
[2025-12-02 21:10:04] {"event":"login.php load","session_id":"f1c660e1fc56db0f44d13738a2ea1c5d","has_state":true,"cookie_quill":null,"cookie_sid":"f1c660e1fc56db0f44d13738a2ea1c5d"}
[2025-12-02 21:10:04] {"event":"ms_state_created","state_saved":"331cd391b4ff1b0381180695f8960b6d","session_id":"f1c660e1fc56db0f44d13738a2ea1c5d","cookie_sid":"f1c660e1fc56db0f44d13738a2ea1c5d"}
[2025-12-02 21:10:07] {"event":"login.php load","session_id":"f1c660e1fc56db0f44d13738a2ea1c5d","has_state":true,"cookie_quill":null,"cookie_sid":"f1c660e1fc56db0f44d13738a2ea1c5d"}
[2025-12-02 21:10:07] {"event":"ms_state_created","state_saved":"828b3159758c6804c2f5dc7d67fd2f65","session_id":"f1c660e1fc56db0f44d13738a2ea1c5d","cookie_sid":"f1c660e1fc56db0f44d13738a2ea1c5d"}
[2025-12-02 21:10:22] {"event":"login.php load","session_id":"f1c660e1fc56db0f44d13738a2ea1c5d","has_state":true,"cookie_quill":null,"cookie_sid":"f1c660e1fc56db0f44d13738a2ea1c5d"}
[2025-12-02 21:10:22] {"event":"ms_state_created","state_saved":"6e8acd0d8873bae529f9a62f0f0729ae","session_id":"f1c660e1fc56db0f44d13738a2ea1c5d","cookie_sid":"f1c660e1fc56db0f44d13738a2ea1c5d"}
[2025-12-02 21:10:24] {"event":"callback-enter","_GET":{"code":"M.C515_SN1.2.U.347c557a-45aa-0004-63bd-95f3e8916d36","state":"6e8acd0d8873bae529f9a62f0f0729ae"},"session_id":"f1c660e1fc56db0f44d13738a2ea1c5d","session_state":"6e8acd0d8873bae529f9a62f0f0729ae","cookie_sid":"f1c660e1fc56db0f44d13738a2ea1c5d"}
[2025-12-02 21:10:25] {"event":"token-response","resp":"{\"token_type\":\"Bearer\",\"scope\":\"openid email profile User.Read\",\"expires_in\":3599,\"ext_expires_in\":3599,\"access_token\":\"EwBYBMl6BAAUBKgm8k1UswUNwklmy2v7U/S+1fEAAbnMWanGvRDKjs9i26E4D6uYC9K7WwlHk/UzLz29GRBYMp6Yf4kh1MeddKpzSkwASIG7+bow1B9vyPXPjM3/8fnT+lgfr7ANwCULpMXBg4Xk/8LbSPc+U7euBxLqwYtqIa7AWmDE2r5uJ2Pt+ZdbC9CGTzbF1cTN2hKcZ0xcfkfoysnKDTdFS6GRFtf8cEbA6ZM6ftIphnmqzUi3xVB2GCfzuaa+i/4RBDgzpZPyxgf0b5763vKyzWXbTXC44PtlhSEyUnNn4cpSAgc2T0SU/M/mA2eLoponiypTwVQz1jl4CPgRiw/7ZtRXhcE22ko9idttZkqXAdcLy7LmkrJOoykQZgAAEEK9OLH7QudaC+cnKNUXkDQgA8iERxpg+wYhsA0HaU8cYmo1Oa673bMQIS5WN+bueXm18YueJdQy56Gc+BTm/YE+z7K6LdX/rUeIclf8WduUKn0Hd2P4WS6sXISYtqfx7Z4GFDTbc8qfxtBLpkbniBI4tgT/MBh68RK0lo2q4CBB0GvmPLwzVIucy66ufsSklU85TQfPQuJEQJu19+13rkssfVQMD1xIwWdW2KS2udf6IruvOjJIu4KuNxINdY2xRLEtAmTDwaP15wL0E0tlaG2RaxXuFLLDzgrf5or1ajIFco5AtUT23DvFcPGJQjoUzpUp+fZ6B9Sl9pHh4+WrPyPvZTom+lM3oDCzU0CXJC+oOuGm5o8HWLwB9d6hWHfEhhFdAqnbBUWqMZ7UlHa1bGvjWdqtMJm7E9KS8wfdM2eCZ6dquDBCG2TIw8OR3ie0E9yOygQVT3rR+aikSdRHYpDlacn66eGDnWxwciki1n/J","curlErr":""}
[2025-12-02 21:10:26] {"event":"profile-response","profile_raw":"{\"@odata.context\":\"https://graph.microsoft.com/v1.0/$metadata#users/$entity\",\"userPrincipalName\":\"abdelmohsensaleh2013@gmail.com\",\"id\":\"26bdf046fd025d62\",\"displayName\":\"Abdelmohsen Saleh\",\"surname\":\"Saleh\",\"givenName\":\"Abdelmohsen\",\"preferredLanguage\":\"en-US\",\"mail\":\"abdelmohsensaleh2013@gmail.com\",\"mobilePhone\":null,\"jobTitle\":null,\"officeLocation\":null,\"businessPhones\":[]}","curlErr":""}
[2025-12-02 21:10:26] {"event":"found-user","email":"abdelmohsensaleh2013@gmail.com","userId":2}
[2025-12-02 21:10:26] {"event":"created-app-session","userId":2,"appToken":"078ac28f37fdf14a61b3dd7f480393ad1fb7a145bd3aef88f7c6852c23ae2a05"}
[2025-12-02 21:10:30] {"event":"login.php load","session_id":"f1c660e1fc56db0f44d13738a2ea1c5d","has_state":true,"cookie_quill":null,"cookie_sid":"f1c660e1fc56db0f44d13738a2ea1c5d"}
[2025-12-02 21:10:30] {"event":"ms_state_created","state_saved":"4d78f9a697a0d3ab7a70e403e33c1833","session_id":"f1c660e1fc56db0f44d13738a2ea1c5d","cookie_sid":"f1c660e1fc56db0f44d13738a2ea1c5d"}
[2025-12-02 21:10:34] {"event":"login.php load","session_id":"f1c660e1fc56db0f44d13738a2ea1c5d","has_state":true,"cookie_quill":null,"cookie_sid":"f1c660e1fc56db0f44d13738a2ea1c5d"}
[2025-12-02 21:10:34] {"event":"ms_state_created","state_saved":"de077fc1f11e7742cbca5b30b243ac10","session_id":"f1c660e1fc56db0f44d13738a2ea1c5d","cookie_sid":"f1c660e1fc56db0f44d13738a2ea1c5d"}
[2025-12-02 21:10:39] {"event":"login.php load","session_id":"f1c660e1fc56db0f44d13738a2ea1c5d","has_state":true,"cookie_quill":null,"cookie_sid":"f1c660e1fc56db0f44d13738a2ea1c5d"}
[2025-12-02 21:10:39] {"event":"ms_state_created","state_saved":"21846406e3c777ec9955e1ac87726730","session_id":"f1c660e1fc56db0f44d13738a2ea1c5d","cookie_sid":"f1c660e1fc56db0f44d13738a2ea1c5d"}
[2025-12-02 21:10:53] {"event":"login.php load","session_id":"f1c660e1fc56db0f44d13738a2ea1c5d","has_state":true,"cookie_quill":null,"cookie_sid":"f1c660e1fc56db0f44d13738a2ea1c5d"}
[2025-12-02 21:10:53] {"event":"ms_state_created","state_saved":"08754be0f3e4fc9bffece09e6515f196","session_id":"f1c660e1fc56db0f44d13738a2ea1c5d","cookie_sid":"f1c660e1fc56db0f44d13738a2ea1c5d"}
[2025-12-02 21:11:12] {"event":"login.php load","session_id":"f1c660e1fc56db0f44d13738a2ea1c5d","has_state":false,"cookie_quill":null,"cookie_sid":"f1c660e1fc56db0f44d13738a2ea1c5d"}
[2025-12-02 21:11:12] {"event":"ms_state_created","state_saved":"1fb723a172384fc132b58663df2186f2","session_id":"f1c660e1fc56db0f44d13738a2ea1c5d","cookie_sid":"f1c660e1fc56db0f44d13738a2ea1c5d"}
[2025-12-02 21:11:16] {"event":"callback-enter","_GET":{"code":"M.C515_BAY.2.U.a5b5dbe5-d674-1237-afb0-b22a61d88585","state":"5c9593d5d7fc277e1c7df75b29a207be"},"session_id":"f1c660e1fc56db0f44d13738a2ea1c5d","session_state":"5c9593d5d7fc277e1c7df75b29a207be","cookie_sid":"f1c660e1fc56db0f44d13738a2ea1c5d"}
[2025-12-02 21:11:17] {"event":"token-response","resp":"{\"token_type\":\"Bearer\",\"scope\":\"openid email profile User.Read\",\"expires_in\":3599,\"ext_expires_in\":3599,\"access_token\":\"EwBYBMl6BAAUBKgm8k1UswUNwklmy2v7U/S+1fEAARnsjR4xxVnv6HNY5Z0JWfdoet+vpuKF2MSnd++JL+x+DtBHZvSe+ViVWDGI3NJO8HrUJxGHw45m1XzVPCXfbBrSYzwT/TFwzT1PngyZ+zKq4U1EP/MbLltHYss/BpawIUrRdBJJCnbD0RfxqWK1uKSXnEJ9XXxDWJyGkKwJ7GgvOLp0+G4HLDRdZffDgjaad5KdBohUgsMYcAxP2JYDcKwCcg3fT3QMB70FWg4CZ+diLMvF2Huyg+FHCV8TRQLnuNYXnMMFQtT0pkf+OxSnQFb5ivXvfx6RUw6qqXc/MH5laY792F+i6pyV1fewYz5SMHc6IKL/n5moGgyn6Y6KvCwQZgAAELOo5Ee/SxDl5lQiw3Q4UHUgA+kA6ZAvXiQGeqMcFBJueMywJk7glOSX76U2i+6x2kQRxKXkQftLTCWP7pQEaWctCogfjOGLA3wXhUwMbrrt8UaC2vaQweyGHezmThPBBmOHsIA0WoYPzvSqQSDt+QsCIKMUp0swAscfrFVuWZXxjHJQDbi3/Q39wcmx1sjgUMZndqpCzPd/WcvXbz7Ylkqbum/CpXOYs5jvabDE2BIjA+JWhi05V5jcPNVirUyqUHW5BAK5U2S4RXoE3CmGd6RyTygfq05091aoQpDhIHI8qupJMbrMIedni8xTcLSZPOlaro8gjNgz8mHLQYZZVgayNgFgHo5y7godb8VRWDe53DulykYmXS6+r5aOQebxQmrv/9DrCxTVVeH1nn4hzNrVaESjwHUW7L18KJ7D5U9nyR6yIHvc7wxOFT6sQJMoVHAyylnpZOA5FG/cXjvxBABu1A6Ema7hvnXwpFXSKjaC","curlErr":""}
[2025-12-02 21:11:17] {"event":"profile-response","profile_raw":"{\"@odata.context\":\"https://graph.microsoft.com/v1.0/$metadata#users/$entity\",\"userPrincipalName\":\"abdelmohsensaleh2013@gmail.com\",\"id\":\"26bdf046fd025d62\",\"displayName\":\"Abdelmohsen Saleh\",\"surname\":\"Saleh\",\"givenName\":\"Abdelmohsen\",\"preferredLanguage\":\"en-US\",\"mail\":\"abdelmohsensaleh2013@gmail.com\",\"mobilePhone\":null,\"jobTitle\":null,\"officeLocation\":null,\"businessPhones\":[]}","curlErr":""}
[2025-12-02 21:11:17] {"event":"found-user","email":"abdelmohsensaleh2013@gmail.com","userId":2}
[2025-12-02 21:11:17] {"event":"created-app-session","userId":2,"appToken":"20a22cfa31628424f0d37de5300601e839f0fa53520a45e611e6e159d0dfb55d"}
[2025-12-02 21:11:21] {"event":"login.php load","session_id":"f1c660e1fc56db0f44d13738a2ea1c5d","has_state":false,"cookie_quill":null,"cookie_sid":"f1c660e1fc56db0f44d13738a2ea1c5d"}
[2025-12-02 21:11:21] {"event":"ms_state_created","state_saved":"7270427197dbfdf33423bd2313985822","session_id":"f1c660e1fc56db0f44d13738a2ea1c5d","cookie_sid":"f1c660e1fc56db0f44d13738a2ea1c5d"}
[2025-12-02 21:12:00] {"event":"login.php load","session_id":"f1c660e1fc56db0f44d13738a2ea1c5d","has_state":true,"cookie_quill":null,"cookie_sid":"f1c660e1fc56db0f44d13738a2ea1c5d"}
[2025-12-02 21:12:00] {"event":"ms_state_created","state_saved":"39d97626eb37fc75a4cdc60170ee1451","session_id":"f1c660e1fc56db0f44d13738a2ea1c5d","cookie_sid":"f1c660e1fc56db0f44d13738a2ea1c5d"}
[2025-12-02 21:14:36] {"event":"login.php load","session_id":"f1c660e1fc56db0f44d13738a2ea1c5d","has_state":true,"cookie_quill":null,"cookie_sid":"f1c660e1fc56db0f44d13738a2ea1c5d"}
[2025-12-02 21:14:36] {"event":"ms_state_created","state_saved":"78081768a6fdf806249f36a79854dab2","session_id":"f1c660e1fc56db0f44d13738a2ea1c5d","cookie_sid":"f1c660e1fc56db0f44d13738a2ea1c5d"}
[2025-12-02 21:14:40] {"event":"login.php load","session_id":"f1c660e1fc56db0f44d13738a2ea1c5d","has_state":true,"cookie_quill":null,"cookie_sid":"f1c660e1fc56db0f44d13738a2ea1c5d"}
[2025-12-02 21:14:40] {"event":"ms_state_created","state_saved":"932c66d7b2e5a9b42898ffd96d090da7","session_id":"f1c660e1fc56db0f44d13738a2ea1c5d","cookie_sid":"f1c660e1fc56db0f44d13738a2ea1c5d"}
[2025-12-02 21:15:32] {"event":"login.php load","session_id":"f1c660e1fc56db0f44d13738a2ea1c5d","has_state":true,"cookie_quill":null,"cookie_sid":"f1c660e1fc56db0f44d13738a2ea1c5d"}
[2025-12-02 21:15:32] {"event":"ms_state_created","state_saved":"bcc9b714a4d0661b9925034ade9956a3","session_id":"f1c660e1fc56db0f44d13738a2ea1c5d","cookie_sid":"f1c660e1fc56db0f44d13738a2ea1c5d"}
[2025-12-02 21:15:35] {"event":"login.php load","session_id":"f1c660e1fc56db0f44d13738a2ea1c5d","has_state":true,"cookie_quill":null,"cookie_sid":"f1c660e1fc56db0f44d13738a2ea1c5d"}
[2025-12-02 21:15:35] {"event":"ms_state_created","state_saved":"eccbd1d6cf761acea15b6f5c03244cea","session_id":"f1c660e1fc56db0f44d13738a2ea1c5d","cookie_sid":"f1c660e1fc56db0f44d13738a2ea1c5d"}
[2025-12-02 21:15:52] {"event":"login.php load","session_id":"f1c660e1fc56db0f44d13738a2ea1c5d","has_state":true,"cookie_quill":null,"cookie_sid":"f1c660e1fc56db0f44d13738a2ea1c5d"}
[2025-12-02 21:15:52] {"event":"ms_state_created","state_saved":"fc649452cdad08ac09fa18dc0defa2bb","session_id":"f1c660e1fc56db0f44d13738a2ea1c5d","cookie_sid":"f1c660e1fc56db0f44d13738a2ea1c5d"}
[2025-12-02 21:17:31] {"event":"login.php load","session_id":"f1c660e1fc56db0f44d13738a2ea1c5d","has_state":true,"cookie_quill":null,"cookie_sid":"f1c660e1fc56db0f44d13738a2ea1c5d"}
[2025-12-02 21:17:31] {"event":"ms_state_created","state_saved":"0284914dc10714a3a5c42fcab582c6aa","session_id":"f1c660e1fc56db0f44d13738a2ea1c5d","cookie_sid":"f1c660e1fc56db0f44d13738a2ea1c5d"}
[2025-12-02 21:19:24] {"event":"login.php load","session_id":"f1c660e1fc56db0f44d13738a2ea1c5d","has_state":true,"cookie_quill":null,"cookie_sid":"f1c660e1fc56db0f44d13738a2ea1c5d"}
[2025-12-02 21:19:24] {"event":"ms_state_created","state_saved":"c3f5dccd675cfaacae23e8bf18b1c1bb","session_id":"f1c660e1fc56db0f44d13738a2ea1c5d","cookie_sid":"f1c660e1fc56db0f44d13738a2ea1c5d"}
[2025-12-02 21:19:36] {"event":"login.php load","session_id":"f1c660e1fc56db0f44d13738a2ea1c5d","has_state":true,"cookie_quill":null,"cookie_sid":"f1c660e1fc56db0f44d13738a2ea1c5d"}
[2025-12-02 21:19:36] {"event":"ms_state_created","state_saved":"595983165e34db7026849af07ddfff99","session_id":"f1c660e1fc56db0f44d13738a2ea1c5d","cookie_sid":"f1c660e1fc56db0f44d13738a2ea1c5d"}
[2025-12-02 21:19:51] {"event":"login.php load","session_id":"f1c660e1fc56db0f44d13738a2ea1c5d","has_state":true,"cookie_quill":null,"cookie_sid":"f1c660e1fc56db0f44d13738a2ea1c5d"}
[2025-12-02 21:19:51] {"event":"ms_state_created","state_saved":"39354572e47de85bbdd0ca70404e397c","session_id":"f1c660e1fc56db0f44d13738a2ea1c5d","cookie_sid":"f1c660e1fc56db0f44d13738a2ea1c5d"}
[2025-12-02 21:33:09] {"event":"login.php load","session_id":"f1c660e1fc56db0f44d13738a2ea1c5d","has_state":true,"cookie_quill":null,"cookie_sid":"f1c660e1fc56db0f44d13738a2ea1c5d"}
[2025-12-02 21:33:09] {"event":"ms_state_created","state_saved":"6be6039da998752d2ff792b302f03064","session_id":"f1c660e1fc56db0f44d13738a2ea1c5d","cookie_sid":"f1c660e1fc56db0f44d13738a2ea1c5d"}
[2025-12-02 21:34:21] {"event":"login.php load","session_id":"f1c660e1fc56db0f44d13738a2ea1c5d","has_state":true,"cookie_quill":null,"cookie_sid":"f1c660e1fc56db0f44d13738a2ea1c5d"}
[2025-12-02 21:34:21] {"event":"ms_state_created","state_saved":"87cc3f4f7b0a60b25f7e44df3f043ff6","session_id":"f1c660e1fc56db0f44d13738a2ea1c5d","cookie_sid":"f1c660e1fc56db0f44d13738a2ea1c5d"}
[2025-12-03 03:20:13] {"event":"login.php load","session_id":"ea6ec06becb6977a40aa8c75dd0efe3e","has_state":false,"cookie_quill":null,"cookie_sid":null}
[2025-12-03 03:20:13] {"event":"ms_state_created","state_saved":"4b8eca0705f26294d8ac9db6a2a68ee5","session_id":"ea6ec06becb6977a40aa8c75dd0efe3e","cookie_sid":null}
[2025-12-03 22:57:30] {"event":"login.php load","session_id":"40277e4b7434fdba21fb08949c08881b","has_state":false,"cookie_quill":null,"cookie_sid":"40277e4b7434fdba21fb08949c08881b"}
[2025-12-03 22:57:30] {"event":"ms_state_created","state_saved":"bb7cee2576889b4690268ac045792429","session_id":"40277e4b7434fdba21fb08949c08881b","cookie_sid":"40277e4b7434fdba21fb08949c08881b"}
[2025-12-03 22:57:58] {"event":"login.php load","session_id":"40277e4b7434fdba21fb08949c08881b","has_state":true,"cookie_quill":null,"cookie_sid":"40277e4b7434fdba21fb08949c08881b"}
[2025-12-03 22:57:58] {"event":"ms_state_created","state_saved":"22a48b940db1dbc84baadfa1f6de9b7a","session_id":"40277e4b7434fdba21fb08949c08881b","cookie_sid":"40277e4b7434fdba21fb08949c08881b"}
[2025-12-03 22:58:43] {"event":"callback-enter","_GET":{"code":"M.C515_BAY.2.U.facc0cf9-9f8a-540d-795d-3546be49986a","state":"22a48b940db1dbc84baadfa1f6de9b7a"},"session_id":"40277e4b7434fdba21fb08949c08881b","session_state":"22a48b940db1dbc84baadfa1f6de9b7a","cookie_sid":"40277e4b7434fdba21fb08949c08881b"}
[2025-12-03 22:58:44] {"event":"token-response","resp":"{\"token_type\":\"Bearer\",\"scope\":\"openid email profile User.Read\",\"expires_in\":3599,\"ext_expires_in\":3599,\"access_token\":\"EwBYBMl6BAAUBKgm8k1UswUNwklmy2v7U/S+1fEAASg/xQwI9ADjYdMVHSUm4WZTOaUYYbVwQ95L/gePeul/4UgYsqxunsWDBLTfn68wJoiuJRqAxYBkLfmFspMUZfc+nf+xJq2p6Y5GUWIUJ8DkQR4ICfTFg2Uyx9OQ6eUYv/pMaPBnYFUH7JolR3R6DVIDOzPDw917OYDH84d6PY2pg6LaMmmew0O3iGnQiXV1HBqeaiUmv20taDKAj8fQrbbLZolBot8eYnRo9yHw00ZnCpfIQXKQPI+jTJaQx65KY0XByu/ovRPCyQyOAFXJl9IAxoQx7LLeACdARvow8/IaiymhAWEv1emHF4YJ44D+1zsH7x082JYXBlznyoRXLpAQZgAAEOg9VOqZz7somG2r08KmFVsgA/7s//iUMdkD38q54ruoyuSjzLydFYdfrUGz/tThBG/gqKoib1QpMKeuSyxDxRY61vK+1upKd6S0fWJRzo/a0KPDl6bHs0/SznnZUzNVfCY332KGXzULd2pCAI/ZctiDL/LmySyAmug5sTO9RthOtzjGbUy8Yfbk4BnLhFhGmAIJ13+27kt3Jc4oyX1AE1nhHIHsq/XQ46HF59nq6KwkQpQOhJCXCaDh77oHYSr1Tpg2vDjVSySsQUYQA3nv/2aeABUKUsZNtBk/kTQws2Oy5T86rPgVmUD5MNcbmnYVdvtUlYE1X4BIGtiX28PudzL6/+r0zVYE7xis5I5HwOKpLiAxQwfHF0brG1173ImwT40pYhVN/qtl53kemv25heZHc4rS+IiKqpC3zcr0TMVQfdIDqwgtHB90ujC6sYmnQkSyfFqneb1r64z91FEVlecKrQhM0WAoQJWuq8wGuanP","curlErr":""}
[2025-12-03 22:58:44] {"event":"profile-response","profile_raw":"{\"@odata.context\":\"https://graph.microsoft.com/v1.0/$metadata#users/$entity\",\"userPrincipalName\":\"abdelmohsensaleh2013@gmail.com\",\"id\":\"26bdf046fd025d62\",\"displayName\":\"Abdelmohsen Saleh\",\"surname\":\"Saleh\",\"givenName\":\"Abdelmohsen\",\"preferredLanguage\":\"en-US\",\"mail\":\"abdelmohsensaleh2013@gmail.com\",\"mobilePhone\":null,\"jobTitle\":null,\"officeLocation\":null,\"businessPhones\":[]}","curlErr":""}
[2025-12-03 22:58:44] {"event":"found-user","email":"abdelmohsensaleh2013@gmail.com","userId":2}
[2025-12-03 22:58:44] {"event":"created-app-session","userId":2,"appToken":"072da29d1dc20b7d74267082fb1770e3995f9660ac8bec1ad16e02bbb46e5583"}
[2025-12-04 09:53:02] {"event":"login.php load","session_id":"ecda44b4381a6dc2ab16416bd2f4a678","has_state":false,"cookie_quill":null,"cookie_sid":"ecda44b4381a6dc2ab16416bd2f4a678"}
[2025-12-04 09:53:02] {"event":"ms_state_created","state_saved":"9d66fc71331b0c8c57060925c66d561e","session_id":"ecda44b4381a6dc2ab16416bd2f4a678","cookie_sid":"ecda44b4381a6dc2ab16416bd2f4a678"}
[2025-12-04 09:58:52] {"event":"login.php load","session_id":"ecda44b4381a6dc2ab16416bd2f4a678","has_state":true,"cookie_quill":null,"cookie_sid":"ecda44b4381a6dc2ab16416bd2f4a678"}
[2025-12-04 09:58:52] {"event":"ms_state_created","state_saved":"ebc6c7d5915678819148baa4a905e012","session_id":"ecda44b4381a6dc2ab16416bd2f4a678","cookie_sid":"ecda44b4381a6dc2ab16416bd2f4a678"}
[2025-12-04 09:59:13] {"event":"callback-enter","_GET":{"code":"M.C515_BAY.2.U.b7ed9a63-08ca-ed42-964e-5faf22d5bbf2","state":"ebc6c7d5915678819148baa4a905e012"},"session_id":"ecda44b4381a6dc2ab16416bd2f4a678","session_state":"ebc6c7d5915678819148baa4a905e012","cookie_sid":"ecda44b4381a6dc2ab16416bd2f4a678"}
[2025-12-04 09:59:14] {"event":"token-response","resp":"{\"token_type\":\"Bearer\",\"scope\":\"openid email profile User.Read\",\"expires_in\":3599,\"ext_expires_in\":3599,\"access_token\":\"EwBYBMl6BAAUBKgm8k1UswUNwklmy2v7U/S+1fEAAU/rPL95KNn5jwRlHqt89TRhXnlpJkwdvQdbd/e4kRT5+Z+xylEGL6xvb/WbWqEMB0R48XJWCwIJ2jdNWIpXklIMBONDZbj7hZpW/QNBTjMaXt012Mrapt5QYIoHMyulvI+gRkmqQjwDJ6mO+h3wGnCMrlT25VmcoMAacQ06XXW4nJUxeq5KAV3Uy/pSVjEmstySYj7XzrLAS3FELHN/Z43iFXfsPlxnUfXXzzpUCuPWq/bc6xyf7VEMoV34UfLo/S3CK7lrHhzz5MP6eYn6apLqfNCwqFty+S51f7rW26cYwuAPchbgCx/0oerHAGE1ZeGo8/QDCGkGVgg/A9tc1IsQZgAAECHoXZGxOqFZj2cWmLH00VAgA4QAF8QF8FGTjdb1I1XWcg44xefONbI8a/PoWwFSfOUZpKaplf6kkda00KnnhGFZ6foc31pQ9VoC0GZJKFvPIJM5mKz+FhG8LM3w245OUorP/ek1qWFrWUpio1KILidjYQ70aC1lUc95vqnl5zumHyCgF65Uvx+Zsrhefp4MtloNIYhseuQCZWx7rnxWaop4c7pM6XaOrQz6c8lQN0nc2AZrGV5Ke9EmJmq4MPOkYTi2DmRDmoP+r0KEyfW6fdXQdmEP+POWUICImo7/IsvTOhsm8jsWxhvPu8kQgNqUI6CrL/vf6l5Fgj1ez1HYlru7P8lVWxNnrJR8lnFRWJnfZDvLJGCPXqv9VaknPCwGmVfRQl05dSV/thbobISMaWfywxe/8Yr9/URTElSBySYkODhajCMtbb0caXP9AB3UxR6H3qnzNUXbvwEHuRm8vJW6xTZS7YeEIZW9FQZujr63","curlErr":""}
[2025-12-04 09:59:15] {"event":"profile-response","profile_raw":"{\"@odata.context\":\"https://graph.microsoft.com/v1.0/$metadata#users/$entity\",\"userPrincipalName\":\"abdelmohsensaleh2013@gmail.com\",\"id\":\"26bdf046fd025d62\",\"displayName\":\"Abdelmohsen Saleh\",\"surname\":\"Saleh\",\"givenName\":\"Abdelmohsen\",\"preferredLanguage\":\"en-US\",\"mail\":\"abdelmohsensaleh2013@gmail.com\",\"mobilePhone\":null,\"jobTitle\":null,\"officeLocation\":null,\"businessPhones\":[]}","curlErr":""}
[2025-12-04 09:59:15] {"event":"found-user","email":"abdelmohsensaleh2013@gmail.com","userId":2}
[2025-12-04 09:59:15] {"event":"created-app-session","userId":2,"appToken":"717544ccebb46e1fb9695bcf4af524f4b8f9e331ecaeb5aae3fae4f6c7eb8f2e"}
[2025-12-04 10:01:46] {"event":"login.php load","session_id":"ecda44b4381a6dc2ab16416bd2f4a678","has_state":true,"cookie_quill":null,"cookie_sid":"ecda44b4381a6dc2ab16416bd2f4a678"}
[2025-12-04 10:01:46] {"event":"ms_state_created","state_saved":"e86fab7a21cf3ea7500219d704ca76f0","session_id":"ecda44b4381a6dc2ab16416bd2f4a678","cookie_sid":"ecda44b4381a6dc2ab16416bd2f4a678"}
[2025-12-04 10:02:11] {"event":"login.php load","session_id":"ecda44b4381a6dc2ab16416bd2f4a678","has_state":true,"cookie_quill":null,"cookie_sid":"ecda44b4381a6dc2ab16416bd2f4a678"}
[2025-12-04 10:02:11] {"event":"ms_state_created","state_saved":"aa5c9275e0e3d4ef709bc640b23a59d8","session_id":"ecda44b4381a6dc2ab16416bd2f4a678","cookie_sid":"ecda44b4381a6dc2ab16416bd2f4a678"}
[2025-12-04 10:02:11] {"event":"login.php load","session_id":"ecda44b4381a6dc2ab16416bd2f4a678","has_state":true,"cookie_quill":null,"cookie_sid":"ecda44b4381a6dc2ab16416bd2f4a678"}
[2025-12-04 10:02:11] {"event":"ms_state_created","state_saved":"c57ddcd5abe2c9b8fe47f9e8f100c10f","session_id":"ecda44b4381a6dc2ab16416bd2f4a678","cookie_sid":"ecda44b4381a6dc2ab16416bd2f4a678"}
[2025-12-04 10:02:11] {"event":"login.php load","session_id":"ecda44b4381a6dc2ab16416bd2f4a678","has_state":true,"cookie_quill":null,"cookie_sid":"ecda44b4381a6dc2ab16416bd2f4a678"}
[2025-12-04 10:02:11] {"event":"ms_state_created","state_saved":"ba727778bc4c319c571d6d9f7b6c865e","session_id":"ecda44b4381a6dc2ab16416bd2f4a678","cookie_sid":"ecda44b4381a6dc2ab16416bd2f4a678"}
[2025-12-04 10:02:11] {"event":"login.php load","session_id":"ecda44b4381a6dc2ab16416bd2f4a678","has_state":true,"cookie_quill":null,"cookie_sid":"ecda44b4381a6dc2ab16416bd2f4a678"}
[2025-12-04 10:02:11] {"event":"ms_state_created","state_saved":"eacdabb09929901259639a7ee4ee3035","session_id":"ecda44b4381a6dc2ab16416bd2f4a678","cookie_sid":"ecda44b4381a6dc2ab16416bd2f4a678"}
[2025-12-04 10:02:11] {"event":"login.php load","session_id":"ecda44b4381a6dc2ab16416bd2f4a678","has_state":true,"cookie_quill":null,"cookie_sid":"ecda44b4381a6dc2ab16416bd2f4a678"}
[2025-12-04 10:02:11] {"event":"ms_state_created","state_saved":"425d200ccee739346880136990cf75a9","session_id":"ecda44b4381a6dc2ab16416bd2f4a678","cookie_sid":"ecda44b4381a6dc2ab16416bd2f4a678"}
[2025-12-04 10:02:13] {"event":"login.php load","session_id":"ecda44b4381a6dc2ab16416bd2f4a678","has_state":true,"cookie_quill":null,"cookie_sid":"ecda44b4381a6dc2ab16416bd2f4a678"}
[2025-12-04 10:02:13] {"event":"ms_state_created","state_saved":"359176c93d44604c1737e20d4d81f860","session_id":"ecda44b4381a6dc2ab16416bd2f4a678","cookie_sid":"ecda44b4381a6dc2ab16416bd2f4a678"}
[2025-12-04 10:02:28] {"event":"login.php load","session_id":"ecda44b4381a6dc2ab16416bd2f4a678","has_state":true,"cookie_quill":null,"cookie_sid":"ecda44b4381a6dc2ab16416bd2f4a678"}
[2025-12-04 10:02:28] {"event":"normal-login-success","user_id":2,"token":"605a015c7fe7be10377af9e3083e5d0d651109312ac57a775b4c59ae71ea6480","session_id":"ecda44b4381a6dc2ab16416bd2f4a678"}
[2025-12-04 19:02:41] {"event":"login.php load","session_id":"f1c660e1fc56db0f44d13738a2ea1c5d","has_state":true,"cookie_quill":null,"cookie_sid":"f1c660e1fc56db0f44d13738a2ea1c5d"}
[2025-12-04 19:02:41] {"event":"ms_state_created","state_saved":"0a470d8d10ae7be4b2df5da32e5f5f97","session_id":"f1c660e1fc56db0f44d13738a2ea1c5d","cookie_sid":"f1c660e1fc56db0f44d13738a2ea1c5d"}
[2025-12-04 19:03:24] {"event":"login.php load","session_id":"f1c660e1fc56db0f44d13738a2ea1c5d","has_state":true,"cookie_quill":null,"cookie_sid":"f1c660e1fc56db0f44d13738a2ea1c5d"}
[2025-12-04 19:03:24] {"event":"ms_state_created","state_saved":"b9cf0ec2dd7f5acf4ba568adcc5e149b","session_id":"f1c660e1fc56db0f44d13738a2ea1c5d","cookie_sid":"f1c660e1fc56db0f44d13738a2ea1c5d"}
[2025-12-04 19:04:02] {"event":"login.php load","session_id":"f1c660e1fc56db0f44d13738a2ea1c5d","has_state":true,"cookie_quill":null,"cookie_sid":"f1c660e1fc56db0f44d13738a2ea1c5d"}
[2025-12-04 19:04:02] {"event":"ms_state_created","state_saved":"738806c3981fb5fbf789461b49eb8105","session_id":"f1c660e1fc56db0f44d13738a2ea1c5d","cookie_sid":"f1c660e1fc56db0f44d13738a2ea1c5d"}
[2025-12-04 19:11:34] {"event":"login.php load","session_id":"f1c660e1fc56db0f44d13738a2ea1c5d","has_state":true,"cookie_quill":null,"cookie_sid":"f1c660e1fc56db0f44d13738a2ea1c5d"}
[2025-12-04 19:11:34] {"event":"ms_state_created","state_saved":"f8714454dac348c179c4d6220efa712b","session_id":"f1c660e1fc56db0f44d13738a2ea1c5d","cookie_sid":"f1c660e1fc56db0f44d13738a2ea1c5d"}
[2025-12-04 19:11:52] {"event":"login.php load","session_id":"f1c660e1fc56db0f44d13738a2ea1c5d","has_state":true,"cookie_quill":null,"cookie_sid":"f1c660e1fc56db0f44d13738a2ea1c5d"}
[2025-12-04 19:11:52] {"event":"ms_state_created","state_saved":"e9a9cc249fb78b2b7e1367c7332d1cbc","session_id":"f1c660e1fc56db0f44d13738a2ea1c5d","cookie_sid":"f1c660e1fc56db0f44d13738a2ea1c5d"}
[2025-12-04 19:12:23] {"event":"login.php load","session_id":"f1c660e1fc56db0f44d13738a2ea1c5d","has_state":true,"cookie_quill":null,"cookie_sid":"f1c660e1fc56db0f44d13738a2ea1c5d"}
[2025-12-04 19:12:23] {"event":"ms_state_created","state_saved":"6a68b81d011c8e3e1ab49c883b036e84","session_id":"f1c660e1fc56db0f44d13738a2ea1c5d","cookie_sid":"f1c660e1fc56db0f44d13738a2ea1c5d"}
[2025-12-04 19:13:37] {"event":"login.php load","session_id":"f1c660e1fc56db0f44d13738a2ea1c5d","has_state":true,"cookie_quill":null,"cookie_sid":"f1c660e1fc56db0f44d13738a2ea1c5d"}
[2025-12-04 19:13:37] {"event":"ms_state_created","state_saved":"e5a4ffe58710e9706cb5597ce2c4c753","session_id":"f1c660e1fc56db0f44d13738a2ea1c5d","cookie_sid":"f1c660e1fc56db0f44d13738a2ea1c5d"}
[2025-12-04 20:06:07] {"event":"login.php load","session_id":"f1c660e1fc56db0f44d13738a2ea1c5d","has_state":true,"cookie_quill":null,"cookie_sid":"f1c660e1fc56db0f44d13738a2ea1c5d"}
[2025-12-04 20:06:07] {"event":"ms_state_created","state_saved":"a1fe8035564e84eeeb3b97b9ae5239c0","session_id":"f1c660e1fc56db0f44d13738a2ea1c5d","cookie_sid":"f1c660e1fc56db0f44d13738a2ea1c5d"}
[2025-12-04 20:07:43] {"event":"login.php load","session_id":"f1c660e1fc56db0f44d13738a2ea1c5d","has_state":true,"cookie_quill":null,"cookie_sid":"f1c660e1fc56db0f44d13738a2ea1c5d"}
[2025-12-04 20:07:43] {"event":"ms_state_created","state_saved":"11bfce612c62a6dad2277d2d3b0de4d3","session_id":"f1c660e1fc56db0f44d13738a2ea1c5d","cookie_sid":"f1c660e1fc56db0f44d13738a2ea1c5d"}
[2025-12-04 20:15:46] {"event":"login.php load","session_id":"f1c660e1fc56db0f44d13738a2ea1c5d","has_state":true,"cookie_quill":null,"cookie_sid":"f1c660e1fc56db0f44d13738a2ea1c5d"}
[2025-12-04 20:15:46] {"event":"ms_state_created","state_saved":"7d4fd11448f3a33c07d6c7e7f5db018d","session_id":"f1c660e1fc56db0f44d13738a2ea1c5d","cookie_sid":"f1c660e1fc56db0f44d13738a2ea1c5d"}
[2025-12-05 10:44:51] {"event":"login.php load","session_id":"f1c660e1fc56db0f44d13738a2ea1c5d","has_state":true,"cookie_quill":null,"cookie_sid":"f1c660e1fc56db0f44d13738a2ea1c5d"}
[2025-12-05 10:44:51] {"event":"ms_state_created","state_saved":"6083d2ef62aa5d91dbb8f624e32c1b78","session_id":"f1c660e1fc56db0f44d13738a2ea1c5d","cookie_sid":"f1c660e1fc56db0f44d13738a2ea1c5d"}
[2025-12-05 12:45:46] {"event":"login.php load","session_id":"f1c660e1fc56db0f44d13738a2ea1c5d","has_state":true,"cookie_quill":null,"cookie_sid":"f1c660e1fc56db0f44d13738a2ea1c5d"}
[2025-12-05 12:45:46] {"event":"ms_state_created","state_saved":"ee5dd8212268fe153aeb9028d146af23","session_id":"f1c660e1fc56db0f44d13738a2ea1c5d","cookie_sid":"f1c660e1fc56db0f44d13738a2ea1c5d"}
[2025-12-05 12:46:07] {"event":"login.php load","session_id":"f1c660e1fc56db0f44d13738a2ea1c5d","has_state":true,"cookie_quill":null,"cookie_sid":"f1c660e1fc56db0f44d13738a2ea1c5d"}
[2025-12-05 12:46:07] {"event":"ms_state_created","state_saved":"d36bd347d09eae441bfeaf1585a81aa3","session_id":"f1c660e1fc56db0f44d13738a2ea1c5d","cookie_sid":"f1c660e1fc56db0f44d13738a2ea1c5d"}
[2025-12-05 14:40:43] {"event":"login.php load","session_id":"f1c660e1fc56db0f44d13738a2ea1c5d","has_state":true,"cookie_quill":null,"cookie_sid":"f1c660e1fc56db0f44d13738a2ea1c5d"}
[2025-12-05 14:40:43] {"event":"ms_state_created","state_saved":"2a796d777ee283fa5a5ecc720ec3de89","session_id":"f1c660e1fc56db0f44d13738a2ea1c5d","cookie_sid":"f1c660e1fc56db0f44d13738a2ea1c5d"}
[2025-12-05 14:40:52] {"event":"login.php load","session_id":"f1c660e1fc56db0f44d13738a2ea1c5d","has_state":true,"cookie_quill":null,"cookie_sid":"f1c660e1fc56db0f44d13738a2ea1c5d"}
[2025-12-05 14:40:52] {"event":"normal-login-success","user_id":128,"token":"54d290b5d9d52123ca9f532b6382fcd03c6dddc336162094be23aee276f952ef","session_id":"f1c660e1fc56db0f44d13738a2ea1c5d"}
[2025-12-05 14:40:57] {"event":"login.php load","session_id":"f1c660e1fc56db0f44d13738a2ea1c5d","has_state":false,"cookie_quill":null,"cookie_sid":"f1c660e1fc56db0f44d13738a2ea1c5d"}
[2025-12-05 14:40:57] {"event":"ms_state_created","state_saved":"0d5a0d72fa30672f907122fcf524bd67","session_id":"f1c660e1fc56db0f44d13738a2ea1c5d","cookie_sid":"f1c660e1fc56db0f44d13738a2ea1c5d"}
[2025-12-05 14:41:09] {"event":"login.php load","session_id":"f1c660e1fc56db0f44d13738a2ea1c5d","has_state":true,"cookie_quill":null,"cookie_sid":"f1c660e1fc56db0f44d13738a2ea1c5d"}
[2025-12-05 14:41:09] {"event":"normal-login-success","user_id":128,"token":"089a463a85a24bba990391a90c3c0a1d1b6aa76612acfaf0ef1bb4f89b9613d5","session_id":"2ec57fec65269309ec510b774c681fa9"}
[2025-12-05 14:41:13] {"event":"login.php load","session_id":"2ec57fec65269309ec510b774c681fa9","has_state":false,"cookie_quill":null,"cookie_sid":"2ec57fec65269309ec510b774c681fa9"}
[2025-12-05 14:41:13] {"event":"ms_state_created","state_saved":"ab47216c8d5f6d9a633ef33d60a7a05f","session_id":"2ec57fec65269309ec510b774c681fa9","cookie_sid":"2ec57fec65269309ec510b774c681fa9"}
[2025-12-05 14:41:24] {"event":"login.php load","session_id":"2ec57fec65269309ec510b774c681fa9","has_state":true,"cookie_quill":null,"cookie_sid":"2ec57fec65269309ec510b774c681fa9"}
[2025-12-05 14:41:24] {"event":"normal-login-failed","username":"Passkey User"}
[2025-12-05 14:41:24] {"event":"ms_state_created","state_saved":"98eefe7ec7267b020180d15ad0c658b0","session_id":"2ec57fec65269309ec510b774c681fa9","cookie_sid":"2ec57fec65269309ec510b774c681fa9"}
[2025-12-05 15:02:37] {"event":"login.php load","session_id":"2ec57fec65269309ec510b774c681fa9","has_state":true,"cookie_quill":null,"cookie_sid":"2ec57fec65269309ec510b774c681fa9"}
[2025-12-05 15:02:37] {"event":"ms_state_created","state_saved":"4936310ee8640c85908ba4a2dae4b9a9","session_id":"2ec57fec65269309ec510b774c681fa9","cookie_sid":"2ec57fec65269309ec510b774c681fa9"}
[2025-12-05 15:03:22] {"event":"login.php load","session_id":"2ec57fec65269309ec510b774c681fa9","has_state":true,"cookie_quill":null,"cookie_sid":"2ec57fec65269309ec510b774c681fa9"}
[2025-12-05 15:03:22] {"event":"ms_state_created","state_saved":"de6128752763325c9967fc6107b94b97","session_id":"2ec57fec65269309ec510b774c681fa9","cookie_sid":"2ec57fec65269309ec510b774c681fa9"}
[2025-12-05 15:04:10] {"event":"login.php load","session_id":"2ec57fec65269309ec510b774c681fa9","has_state":true,"cookie_quill":null,"cookie_sid":"2ec57fec65269309ec510b774c681fa9"}
[2025-12-05 15:04:10] {"event":"ms_state_created","state_saved":"484af96033a8456759211bd40e0b1afa","session_id":"2ec57fec65269309ec510b774c681fa9","cookie_sid":"2ec57fec65269309ec510b774c681fa9"}
[2025-12-05 15:10:54] {"event":"login.php load","session_id":"2ec57fec65269309ec510b774c681fa9","has_state":true,"cookie_quill":null,"cookie_sid":"2ec57fec65269309ec510b774c681fa9"}
[2025-12-05 15:10:54] {"event":"ms_state_created","state_saved":"f119650dac9d6172e03856aa84d18c85","session_id":"2ec57fec65269309ec510b774c681fa9","cookie_sid":"2ec57fec65269309ec510b774c681fa9"}
[2025-12-05 15:13:29] {"event":"login.php load","session_id":"2ec57fec65269309ec510b774c681fa9","has_state":true,"cookie_quill":null,"cookie_sid":"2ec57fec65269309ec510b774c681fa9"}
[2025-12-05 15:13:29] {"event":"ms_state_created","state_saved":"ea0d94759785729fe6abec5f66b3093c","session_id":"2ec57fec65269309ec510b774c681fa9","cookie_sid":"2ec57fec65269309ec510b774c681fa9"}
[2025-12-05 15:13:54] {"event":"login.php load","session_id":"2ec57fec65269309ec510b774c681fa9","has_state":true,"cookie_quill":null,"cookie_sid":"2ec57fec65269309ec510b774c681fa9"}
[2025-12-05 15:13:54] {"event":"ms_state_created","state_saved":"bc30733e6d6341153d8bc1a3f237bf8a","session_id":"2ec57fec65269309ec510b774c681fa9","cookie_sid":"2ec57fec65269309ec510b774c681fa9"}
[2025-12-05 15:15:33] {"event":"login.php load","session_id":"2ec57fec65269309ec510b774c681fa9","has_state":true,"cookie_quill":null,"cookie_sid":"2ec57fec65269309ec510b774c681fa9"}
[2025-12-05 15:15:33] {"event":"ms_state_created","state_saved":"16498693971225a7033d7b67cbc36f76","session_id":"2ec57fec65269309ec510b774c681fa9","cookie_sid":"2ec57fec65269309ec510b774c681fa9"}
[2025-12-05 15:17:48] {"event":"login.php load","session_id":"2ec57fec65269309ec510b774c681fa9","has_state":true,"cookie_quill":null,"cookie_sid":"2ec57fec65269309ec510b774c681fa9"}
[2025-12-05 15:17:48] {"event":"ms_state_created","state_saved":"edd00e6914ec769af6608b3caaf2941b","session_id":"2ec57fec65269309ec510b774c681fa9","cookie_sid":"2ec57fec65269309ec510b774c681fa9"}
[2025-12-05 15:21:38] {"event":"login.php load","session_id":"2ec57fec65269309ec510b774c681fa9","has_state":true,"cookie_quill":null,"cookie_sid":"2ec57fec65269309ec510b774c681fa9"}
[2025-12-05 15:21:38] {"event":"ms_state_created","state_saved":"50ad87256c26259dc4df9b19ae54e7d8","session_id":"2ec57fec65269309ec510b774c681fa9","cookie_sid":"2ec57fec65269309ec510b774c681fa9"}
[2025-12-05 15:23:17] {"event":"login.php load","session_id":"2ec57fec65269309ec510b774c681fa9","has_state":true,"cookie_quill":null,"cookie_sid":"2ec57fec65269309ec510b774c681fa9"}
[2025-12-05 15:23:17] {"event":"ms_state_created","state_saved":"dbba17e4b8dc9bffeb4a055c8946bda0","session_id":"2ec57fec65269309ec510b774c681fa9","cookie_sid":"2ec57fec65269309ec510b774c681fa9"}
[2025-12-05 15:35:39] {"event":"login.php load","session_id":"2ec57fec65269309ec510b774c681fa9","has_state":true,"cookie_quill":null,"cookie_sid":"2ec57fec65269309ec510b774c681fa9"}
[2025-12-05 15:35:39] {"event":"ms_state_created","state_saved":"411793b59ee23b0acf54de82ad320067","session_id":"2ec57fec65269309ec510b774c681fa9","cookie_sid":"2ec57fec65269309ec510b774c681fa9"}
[2025-12-05 15:38:24] {"event":"login.php load","session_id":"2ec57fec65269309ec510b774c681fa9","has_state":true,"cookie_quill":null,"cookie_sid":"2ec57fec65269309ec510b774c681fa9"}
[2025-12-05 15:38:24] {"event":"ms_state_created","state_saved":"398ea014c5db8d050ae79075cf3a4bc0","session_id":"2ec57fec65269309ec510b774c681fa9","cookie_sid":"2ec57fec65269309ec510b774c681fa9"}
[2025-12-05 15:38:45] {"event":"login.php load","session_id":"2ec57fec65269309ec510b774c681fa9","has_state":true,"cookie_quill":null,"cookie_sid":"2ec57fec65269309ec510b774c681fa9"}
[2025-12-05 15:38:45] {"event":"ms_state_created","state_saved":"250c470c3d291c126adfef5da27aabef","session_id":"2ec57fec65269309ec510b774c681fa9","cookie_sid":"2ec57fec65269309ec510b774c681fa9"}
[2025-12-05 15:40:21] {"event":"login.php load","session_id":"2ec57fec65269309ec510b774c681fa9","has_state":true,"cookie_quill":null,"cookie_sid":"2ec57fec65269309ec510b774c681fa9"}
[2025-12-05 15:40:21] {"event":"ms_state_created","state_saved":"9d177d86d74ae0e2f168713280a65e60","session_id":"2ec57fec65269309ec510b774c681fa9","cookie_sid":"2ec57fec65269309ec510b774c681fa9"}
[2025-12-05 15:44:26] {"event":"login.php load","session_id":"2ec57fec65269309ec510b774c681fa9","has_state":true,"cookie_quill":null,"cookie_sid":"2ec57fec65269309ec510b774c681fa9"}
[2025-12-05 15:44:26] {"event":"ms_state_created","state_saved":"50d1cee704f6cfae50362795aa9bbca8","session_id":"2ec57fec65269309ec510b774c681fa9","cookie_sid":"2ec57fec65269309ec510b774c681fa9"}
[2025-12-05 15:48:16] {"event":"login.php load","session_id":"2ec57fec65269309ec510b774c681fa9","has_state":true,"cookie_quill":null,"cookie_sid":"2ec57fec65269309ec510b774c681fa9"}
[2025-12-05 15:48:16] {"event":"ms_state_created","state_saved":"510a1d23ff7ef76310d4e7c8b66e3a48","session_id":"2ec57fec65269309ec510b774c681fa9","cookie_sid":"2ec57fec65269309ec510b774c681fa9"}
[2025-12-05 15:49:13] {"event":"login.php load","session_id":"2ec57fec65269309ec510b774c681fa9","has_state":true,"cookie_quill":null,"cookie_sid":"2ec57fec65269309ec510b774c681fa9"}
[2025-12-05 15:49:13] {"event":"ms_state_created","state_saved":"54b5d3b1e53c78db0c7209c35f91d2c9","session_id":"2ec57fec65269309ec510b774c681fa9","cookie_sid":"2ec57fec65269309ec510b774c681fa9"}
[2025-12-05 15:50:02] {"event":"login.php load","session_id":"2ec57fec65269309ec510b774c681fa9","has_state":true,"cookie_quill":null,"cookie_sid":"2ec57fec65269309ec510b774c681fa9"}
[2025-12-05 15:50:02] {"event":"ms_state_created","state_saved":"2650206b6d038414e73555602f677418","session_id":"2ec57fec65269309ec510b774c681fa9","cookie_sid":"2ec57fec65269309ec510b774c681fa9"}
[2025-12-05 15:52:43] {"event":"login.php load","session_id":"2ec57fec65269309ec510b774c681fa9","has_state":true,"cookie_quill":null,"cookie_sid":"2ec57fec65269309ec510b774c681fa9"}
[2025-12-05 15:52:43] {"event":"ms_state_created","state_saved":"57ea728fe24a2195b34e47e5c16601d9","session_id":"2ec57fec65269309ec510b774c681fa9","cookie_sid":"2ec57fec65269309ec510b774c681fa9"}
[2025-12-05 15:53:03] {"event":"login.php load","session_id":"2ec57fec65269309ec510b774c681fa9","has_state":true,"cookie_quill":null,"cookie_sid":"2ec57fec65269309ec510b774c681fa9"}
[2025-12-05 15:53:03] {"event":"ms_state_created","state_saved":"836db1ae50eadf474b265490a80ae937","session_id":"2ec57fec65269309ec510b774c681fa9","cookie_sid":"2ec57fec65269309ec510b774c681fa9"}
[2025-12-05 15:57:30] {"event":"login.php load","session_id":"2ec57fec65269309ec510b774c681fa9","has_state":true,"cookie_quill":null,"cookie_sid":"2ec57fec65269309ec510b774c681fa9"}
[2025-12-05 15:57:30] {"event":"ms_state_created","state_saved":"34858cd61c14e56615491244d836d381","session_id":"2ec57fec65269309ec510b774c681fa9","cookie_sid":"2ec57fec65269309ec510b774c681fa9"}
[2025-12-05 15:57:49] {"event":"login.php load","session_id":"2ec57fec65269309ec510b774c681fa9","has_state":true,"cookie_quill":null,"cookie_sid":"2ec57fec65269309ec510b774c681fa9"}
[2025-12-05 15:57:49] {"event":"ms_state_created","state_saved":"45432fba28da284b871efedd681a171d","session_id":"2ec57fec65269309ec510b774c681fa9","cookie_sid":"2ec57fec65269309ec510b774c681fa9"}
[2025-12-05 15:59:21] {"event":"login.php load","session_id":"2ec57fec65269309ec510b774c681fa9","has_state":true,"cookie_quill":null,"cookie_sid":"2ec57fec65269309ec510b774c681fa9"}
[2025-12-05 15:59:21] {"event":"ms_state_created","state_saved":"0c7d9c8433126bc32bbd8ada48107f80","session_id":"2ec57fec65269309ec510b774c681fa9","cookie_sid":"2ec57fec65269309ec510b774c681fa9"}
[2025-12-05 16:03:42] {"event":"login.php load","session_id":"2ec57fec65269309ec510b774c681fa9","has_state":true,"cookie_quill":null,"cookie_sid":"2ec57fec65269309ec510b774c681fa9"}
[2025-12-05 16:03:42] {"event":"ms_state_created","state_saved":"e631263b4e2c348e4a3b2a280350b76a","session_id":"2ec57fec65269309ec510b774c681fa9","cookie_sid":"2ec57fec65269309ec510b774c681fa9"}
[2025-12-05 16:18:56] {"event":"login.php load","session_id":"2ec57fec65269309ec510b774c681fa9","has_state":true,"cookie_quill":null,"cookie_sid":"2ec57fec65269309ec510b774c681fa9"}
[2025-12-05 16:18:56] {"event":"ms_state_created","state_saved":"e9f8718845583c29dd375dec32178288","session_id":"2ec57fec65269309ec510b774c681fa9","cookie_sid":"2ec57fec65269309ec510b774c681fa9"}
[2025-12-05 16:19:25] {"event":"login.php load","session_id":"2ec57fec65269309ec510b774c681fa9","has_state":true,"cookie_quill":null,"cookie_sid":"2ec57fec65269309ec510b774c681fa9"}
[2025-12-05 16:19:25] {"event":"ms_state_created","state_saved":"fedddc0127fcd521a84422d787244c33","session_id":"2ec57fec65269309ec510b774c681fa9","cookie_sid":"2ec57fec65269309ec510b774c681fa9"}
[2025-12-05 16:21:46] {"event":"login.php load","session_id":"2ec57fec65269309ec510b774c681fa9","has_state":true,"cookie_quill":null,"cookie_sid":"2ec57fec65269309ec510b774c681fa9"}
[2025-12-05 16:21:46] {"event":"ms_state_created","state_saved":"fa3eeef3a5405a33d41e6ff86255698a","session_id":"2ec57fec65269309ec510b774c681fa9","cookie_sid":"2ec57fec65269309ec510b774c681fa9"}
[2025-12-05 16:28:19] {"event":"login.php load","session_id":"2ec57fec65269309ec510b774c681fa9","has_state":true,"cookie_quill":null,"cookie_sid":"2ec57fec65269309ec510b774c681fa9"}
[2025-12-05 16:28:19] {"event":"ms_state_created","state_saved":"1063b6c353e426a05928da8c34f5f63a","session_id":"2ec57fec65269309ec510b774c681fa9","cookie_sid":"2ec57fec65269309ec510b774c681fa9"}
[2025-12-05 16:42:36] {"event":"login.php load","session_id":"2ec57fec65269309ec510b774c681fa9","has_state":true,"cookie_quill":null,"cookie_sid":"2ec57fec65269309ec510b774c681fa9"}
[2025-12-05 16:42:36] {"event":"ms_state_created","state_saved":"72df2fcbfb02b5f48ba7d60669555611","session_id":"2ec57fec65269309ec510b774c681fa9","cookie_sid":"2ec57fec65269309ec510b774c681fa9"}
[2025-12-05 16:49:38] {"event":"login.php load","session_id":"2ec57fec65269309ec510b774c681fa9","has_state":true,"cookie_quill":null,"cookie_sid":"2ec57fec65269309ec510b774c681fa9"}
[2025-12-05 16:49:38] {"event":"ms_state_created","state_saved":"93abfd0122a68b550d2b83be56cc7be5","session_id":"2ec57fec65269309ec510b774c681fa9","cookie_sid":"2ec57fec65269309ec510b774c681fa9"}
[2025-12-05 16:49:49] {"event":"login.php load","session_id":"2ec57fec65269309ec510b774c681fa9","has_state":true,"cookie_quill":null,"cookie_sid":"2ec57fec65269309ec510b774c681fa9"}
[2025-12-05 16:49:49] {"event":"ms_state_created","state_saved":"959a4bfc1bf2a0135f2cb409f26efa12","session_id":"2ec57fec65269309ec510b774c681fa9","cookie_sid":"2ec57fec65269309ec510b774c681fa9"}
[2025-12-05 16:58:47] {"event":"login.php load","session_id":"2ec57fec65269309ec510b774c681fa9","has_state":true,"cookie_quill":null,"cookie_sid":"2ec57fec65269309ec510b774c681fa9"}
[2025-12-05 16:58:47] {"event":"ms_state_created","state_saved":"4617cb7bfb1005ddb71f88e8cde1aa45","session_id":"2ec57fec65269309ec510b774c681fa9","cookie_sid":"2ec57fec65269309ec510b774c681fa9"}
[2025-12-05 16:58:57] {"event":"login.php load","session_id":"2ec57fec65269309ec510b774c681fa9","has_state":true,"cookie_quill":null,"cookie_sid":"2ec57fec65269309ec510b774c681fa9"}
[2025-12-05 16:58:57] {"event":"ms_state_created","state_saved":"449442bf6c7aaedadefea6ab3a521e05","session_id":"2ec57fec65269309ec510b774c681fa9","cookie_sid":"2ec57fec65269309ec510b774c681fa9"}
[2025-12-05 16:59:16] {"event":"login.php load","session_id":"2ec57fec65269309ec510b774c681fa9","has_state":false,"cookie_quill":null,"cookie_sid":"2ec57fec65269309ec510b774c681fa9"}
[2025-12-05 16:59:16] {"event":"ms_state_created","state_saved":"577dc9da2a4f201ef329313c7db8a7e2","session_id":"2ec57fec65269309ec510b774c681fa9","cookie_sid":"2ec57fec65269309ec510b774c681fa9"}
[2025-12-05 17:01:02] {"event":"login.php load","session_id":"2ec57fec65269309ec510b774c681fa9","has_state":false,"cookie_quill":null,"cookie_sid":"2ec57fec65269309ec510b774c681fa9"}
[2025-12-05 17:01:02] {"event":"ms_state_created","state_saved":"d9a6d7387c615651b0fec650fe6ee689","session_id":"2ec57fec65269309ec510b774c681fa9","cookie_sid":"2ec57fec65269309ec510b774c681fa9"}
[2025-12-05 17:02:41] {"event":"login.php load","session_id":"2ec57fec65269309ec510b774c681fa9","has_state":false,"cookie_quill":null,"cookie_sid":"2ec57fec65269309ec510b774c681fa9"}
[2025-12-05 17:02:41] {"event":"ms_state_created","state_saved":"73c2f6e2a74d7c660b3bd7b215f070b8","session_id":"2ec57fec65269309ec510b774c681fa9","cookie_sid":"2ec57fec65269309ec510b774c681fa9"}
[2025-12-05 17:03:18] {"event":"login.php load","session_id":"2ec57fec65269309ec510b774c681fa9","has_state":true,"cookie_quill":null,"cookie_sid":"2ec57fec65269309ec510b774c681fa9"}
[2025-12-05 17:03:18] {"event":"ms_state_created","state_saved":"63959b5dad98074fbd8bb42df2eb98bb","session_id":"2ec57fec65269309ec510b774c681fa9","cookie_sid":"2ec57fec65269309ec510b774c681fa9"}
[2025-12-05 17:28:58] {"event":"login.php load","session_id":"2ec57fec65269309ec510b774c681fa9","has_state":true,"cookie_quill":null,"cookie_sid":"2ec57fec65269309ec510b774c681fa9"}
[2025-12-05 17:28:58] {"event":"ms_state_created","state_saved":"52fce6dc5d465287a109b7223a406c4e","session_id":"2ec57fec65269309ec510b774c681fa9","cookie_sid":"2ec57fec65269309ec510b774c681fa9"}
[2025-12-05 17:29:13] {"event":"login.php load","session_id":"2ec57fec65269309ec510b774c681fa9","has_state":false,"cookie_quill":null,"cookie_sid":"2ec57fec65269309ec510b774c681fa9"}
[2025-12-05 17:29:13] {"event":"ms_state_created","state_saved":"7b5a38bbde72774cec78484e9d4a146f","session_id":"2ec57fec65269309ec510b774c681fa9","cookie_sid":"2ec57fec65269309ec510b774c681fa9"}
[2025-12-05 17:31:33] {"event":"login.php load","session_id":"2ec57fec65269309ec510b774c681fa9","has_state":true,"cookie_quill":null,"cookie_sid":"2ec57fec65269309ec510b774c681fa9"}
[2025-12-05 17:31:33] {"event":"ms_state_created","state_saved":"9f7920dd8333d2893a1b91ade1cbe7cd","session_id":"2ec57fec65269309ec510b774c681fa9","cookie_sid":"2ec57fec65269309ec510b774c681fa9"}
[2025-12-05 17:32:10] {"event":"login.php load","session_id":"2ec57fec65269309ec510b774c681fa9","has_state":true,"cookie_quill":null,"cookie_sid":"2ec57fec65269309ec510b774c681fa9"}
[2025-12-05 17:32:10] {"event":"ms_state_created","state_saved":"1149f95a2152a75cf29e607ae259a588","session_id":"2ec57fec65269309ec510b774c681fa9","cookie_sid":"2ec57fec65269309ec510b774c681fa9"}
[2025-12-05 17:33:23] {"event":"login.php load","session_id":"2ec57fec65269309ec510b774c681fa9","has_state":true,"cookie_quill":null,"cookie_sid":"2ec57fec65269309ec510b774c681fa9"}
[2025-12-05 17:33:23] {"event":"ms_state_created","state_saved":"88c5aa76c85c1ae1588deb40a9764f13","session_id":"2ec57fec65269309ec510b774c681fa9","cookie_sid":"2ec57fec65269309ec510b774c681fa9"}
[2025-12-05 17:35:48] {"event":"login.php load","session_id":"2ec57fec65269309ec510b774c681fa9","has_state":true,"cookie_quill":null,"cookie_sid":"2ec57fec65269309ec510b774c681fa9"}
[2025-12-05 17:35:48] {"event":"ms_state_created","state_saved":"bab0c351679673528e4652c1746f9a10","session_id":"2ec57fec65269309ec510b774c681fa9","cookie_sid":"2ec57fec65269309ec510b774c681fa9"}
[2025-12-05 17:41:38] {"event":"login.php load","session_id":"2ec57fec65269309ec510b774c681fa9","has_state":true,"cookie_quill":null,"cookie_sid":"2ec57fec65269309ec510b774c681fa9"}
[2025-12-05 17:41:38] {"event":"ms_state_created","state_saved":"f558b95ce4bbd8c9845ad7a4b6d39a55","session_id":"2ec57fec65269309ec510b774c681fa9","cookie_sid":"2ec57fec65269309ec510b774c681fa9"}
[2025-12-05 17:49:59] {"event":"login.php load","session_id":"2ec57fec65269309ec510b774c681fa9","has_state":true,"cookie_quill":null,"cookie_sid":"2ec57fec65269309ec510b774c681fa9"}
[2025-12-05 17:49:59] {"event":"ms_state_created","state_saved":"4c9f6475a0bddc1481dde9d4ed35ecb4","session_id":"2ec57fec65269309ec510b774c681fa9","cookie_sid":"2ec57fec65269309ec510b774c681fa9"}
[2025-12-05 17:50:10] {"event":"login.php load","session_id":"2ec57fec65269309ec510b774c681fa9","has_state":true,"cookie_quill":null,"cookie_sid":"2ec57fec65269309ec510b774c681fa9"}
[2025-12-05 17:50:10] {"event":"normal-login-failed","username":"Profile User"}
[2025-12-05 17:50:10] {"event":"ms_state_created","state_saved":"27a7566288c558465649b12a10b115b9","session_id":"2ec57fec65269309ec510b774c681fa9","cookie_sid":"2ec57fec65269309ec510b774c681fa9"}
[2025-12-05 17:50:19] {"event":"login.php load","session_id":"2ec57fec65269309ec510b774c681fa9","has_state":true,"cookie_quill":null,"cookie_sid":"2ec57fec65269309ec510b774c681fa9"}
[2025-12-05 17:50:19] {"event":"normal-login-success","user_id":141,"token":"df9d38a9df256f168e82b2fac2325ceda4ef23d4a7580babdae1161c7d138eaa","session_id":"2ec57fec65269309ec510b774c681fa9"}
[2025-12-05 19:52:53] {"event":"login.php load","session_id":"2ec57fec65269309ec510b774c681fa9","has_state":false,"cookie_quill":null,"cookie_sid":"2ec57fec65269309ec510b774c681fa9"}
[2025-12-05 19:52:53] {"event":"ms_state_created","state_saved":"897e430838eb3eef0e69e72c36ad4ad4","session_id":"2ec57fec65269309ec510b774c681fa9","cookie_sid":"2ec57fec65269309ec510b774c681fa9"}
[2025-12-05 19:54:46] {"event":"login.php load","session_id":"2ec57fec65269309ec510b774c681fa9","has_state":true,"cookie_quill":null,"cookie_sid":"2ec57fec65269309ec510b774c681fa9"}
[2025-12-05 19:54:46] {"event":"ms_state_created","state_saved":"a9829b26549ebaafd67ec685b54226cc","session_id":"2ec57fec65269309ec510b774c681fa9","cookie_sid":"2ec57fec65269309ec510b774c681fa9"}
[2025-12-05 19:55:03] {"event":"login.php load","session_id":"2ec57fec65269309ec510b774c681fa9","has_state":true,"cookie_quill":null,"cookie_sid":"2ec57fec65269309ec510b774c681fa9"}
[2025-12-05 19:55:03] {"event":"normal-login-success","user_id":142,"token":"b4e9a13ce9aa13d24832c671b9f8a08f136c5d817180eac1e9d58b9cd945af95","session_id":"2ec57fec65269309ec510b774c681fa9"}
[2025-12-05 19:57:57] {"event":"login.php load","session_id":"2ec57fec65269309ec510b774c681fa9","has_state":false,"cookie_quill":"11ebb737a5262737541b0780e4bd79ecc0fcca3092805ae1390f906b2480346d","cookie_sid":"2ec57fec65269309ec510b774c681fa9"}
[2025-12-05 19:57:57] {"event":"ms_state_created","state_saved":"0b3d6286a93877820afee38e1120e89f","session_id":"2ec57fec65269309ec510b774c681fa9","cookie_sid":"2ec57fec65269309ec510b774c681fa9"}
[2025-12-05 19:58:06] {"event":"login.php load","session_id":"2ec57fec65269309ec510b774c681fa9","has_state":true,"cookie_quill":"11ebb737a5262737541b0780e4bd79ecc0fcca3092805ae1390f906b2480346d","cookie_sid":"2ec57fec65269309ec510b774c681fa9"}
[2025-12-05 19:58:06] {"event":"ms_state_created","state_saved":"7d83bd585774d65fe14efca72b9579d0","session_id":"2ec57fec65269309ec510b774c681fa9","cookie_sid":"2ec57fec65269309ec510b774c681fa9"}
[2025-12-05 20:12:16] {"event":"login.php load","session_id":"2ec57fec65269309ec510b774c681fa9","has_state":true,"cookie_quill":"11ebb737a5262737541b0780e4bd79ecc0fcca3092805ae1390f906b2480346d","cookie_sid":"2ec57fec65269309ec510b774c681fa9"}
[2025-12-05 20:12:16] {"event":"ms_state_created","state_saved":"2048b90ea31c235f8bc1ade215c29496","session_id":"2ec57fec65269309ec510b774c681fa9","cookie_sid":"2ec57fec65269309ec510b774c681fa9"}
[2025-12-05 20:12:32] {"event":"login.php load","session_id":"2ec57fec65269309ec510b774c681fa9","has_state":true,"cookie_quill":"11ebb737a5262737541b0780e4bd79ecc0fcca3092805ae1390f906b2480346d","cookie_sid":"2ec57fec65269309ec510b774c681fa9"}
[2025-12-05 20:12:32] {"event":"normal-login-success","user_id":145,"token":"7abe93d8eada3884b2223f68f25439136aa46e2acecf617e0b2b8d20ac9a385c","session_id":"2ec57fec65269309ec510b774c681fa9"}
[2025-12-05 20:12:36] {"event":"login.php load","session_id":"2ec57fec65269309ec510b774c681fa9","has_state":true,"cookie_quill":"a8a3acda3f1b44d340691edd569da5bb80ac97ea0daa01779a0297403f575935","cookie_sid":"2ec57fec65269309ec510b774c681fa9"}
[2025-12-05 20:12:36] {"event":"ms_state_created","state_saved":"c6ea33d06cbc446e8f5f2749d34ed476","session_id":"2ec57fec65269309ec510b774c681fa9","cookie_sid":"2ec57fec65269309ec510b774c681fa9"}
[2025-12-06 12:49:33] {"event":"login.php load","session_id":"2ec57fec65269309ec510b774c681fa9","has_state":true,"cookie_quill":"a8a3acda3f1b44d340691edd569da5bb80ac97ea0daa01779a0297403f575935","cookie_sid":"2ec57fec65269309ec510b774c681fa9"}
[2025-12-06 12:49:33] {"event":"ms_state_created","state_saved":"66dc649d188fb8a32d7781cd06e0cf94","session_id":"2ec57fec65269309ec510b774c681fa9","cookie_sid":"2ec57fec65269309ec510b774c681fa9"}
[2025-12-06 13:04:33] {"event":"login.php load","session_id":"2ec57fec65269309ec510b774c681fa9","has_state":true,"cookie_quill":"a8a3acda3f1b44d340691edd569da5bb80ac97ea0daa01779a0297403f575935","cookie_sid":"2ec57fec65269309ec510b774c681fa9"}
[2025-12-06 13:04:33] {"event":"ms_state_created","state_saved":"1933d0f1137d31f038dbd195d1d21b28","session_id":"2ec57fec65269309ec510b774c681fa9","cookie_sid":"2ec57fec65269309ec510b774c681fa9"}
[2025-12-06 13:04:43] {"event":"login.php load","session_id":"2ec57fec65269309ec510b774c681fa9","has_state":true,"cookie_quill":"a8a3acda3f1b44d340691edd569da5bb80ac97ea0daa01779a0297403f575935","cookie_sid":"2ec57fec65269309ec510b774c681fa9"}
[2025-12-06 13:04:43] {"event":"normal-login-success","user_id":147,"token":"215a890e4a990944823bf7c3eb5a4b4b678e1589de7f1d36050371c7bbafbeb2","session_id":"2ec57fec65269309ec510b774c681fa9"}
[2025-12-06 13:10:28] {"event":"login.php load","session_id":"2ec57fec65269309ec510b774c681fa9","has_state":false,"cookie_quill":null,"cookie_sid":"2ec57fec65269309ec510b774c681fa9"}
[2025-12-06 13:10:28] {"event":"ms_state_created","state_saved":"2e4c0047de27a29e6f0c71fc3fccde7b","session_id":"2ec57fec65269309ec510b774c681fa9","cookie_sid":"2ec57fec65269309ec510b774c681fa9"}
[2025-12-06 13:10:35] {"event":"login.php load","session_id":"2ec57fec65269309ec510b774c681fa9","has_state":true,"cookie_quill":null,"cookie_sid":"2ec57fec65269309ec510b774c681fa9"}
[2025-12-06 13:10:35] {"event":"normal-login-success","user_id":2,"token":"5c0fa9e4403958cfd31dca9d6e1a19c9c3b4171337af8a414f52f5a6190d197d","session_id":"5d5207d486dba1ce1982ad25502b5855"}
[2025-12-06 13:21:21] {"event":"login.php load","session_id":"5d5207d486dba1ce1982ad25502b5855","has_state":true,"cookie_quill":null,"cookie_sid":"5d5207d486dba1ce1982ad25502b5855"}
[2025-12-06 13:21:21] {"event":"ms_state_created","state_saved":"d13e6fe4b951e5e0a0dd32f02c804d2b","session_id":"5d5207d486dba1ce1982ad25502b5855","cookie_sid":"5d5207d486dba1ce1982ad25502b5855"}
[2025-12-06 13:21:30] {"event":"login.php load","session_id":"5d5207d486dba1ce1982ad25502b5855","has_state":true,"cookie_quill":null,"cookie_sid":"5d5207d486dba1ce1982ad25502b5855"}
[2025-12-06 13:21:30] {"event":"normal-login-success","user_id":147,"token":"2ff230aef702a944508241f8bcd2114ff1d52ce4242203c68b7b84a35f133f1a","session_id":"2571fd0a1ef48b316e0e4c8ffaf6d672"}
[2025-12-06 13:23:16] {"event":"login.php load","session_id":"2571fd0a1ef48b316e0e4c8ffaf6d672","has_state":false,"cookie_quill":null,"cookie_sid":"2571fd0a1ef48b316e0e4c8ffaf6d672"}
[2025-12-06 13:23:16] {"event":"ms_state_created","state_saved":"44491e14910642e3541176c163c23eb7","session_id":"2571fd0a1ef48b316e0e4c8ffaf6d672","cookie_sid":"2571fd0a1ef48b316e0e4c8ffaf6d672"}
[2025-12-06 13:24:29] {"event":"login.php load","session_id":"2571fd0a1ef48b316e0e4c8ffaf6d672","has_state":true,"cookie_quill":null,"cookie_sid":"2571fd0a1ef48b316e0e4c8ffaf6d672"}
[2025-12-06 13:24:29] {"event":"ms_state_created","state_saved":"6eea2525b639762b2207f1c0cd1b3c59","session_id":"2571fd0a1ef48b316e0e4c8ffaf6d672","cookie_sid":"2571fd0a1ef48b316e0e4c8ffaf6d672"}
[2025-12-06 13:24:36] {"event":"login.php load","session_id":"2571fd0a1ef48b316e0e4c8ffaf6d672","has_state":true,"cookie_quill":null,"cookie_sid":"2571fd0a1ef48b316e0e4c8ffaf6d672"}
[2025-12-06 13:24:36] {"event":"normal-login-success","user_id":148,"token":"65c42533efbc764f352a7ac045d9099ff4c9ba19d395d3df583f2b51e8213168","session_id":"d0ea6e6140df7e6d5343165427fea3bc"}
[2025-12-06 13:36:58] {"event":"login.php load","session_id":"d0ea6e6140df7e6d5343165427fea3bc","has_state":false,"cookie_quill":null,"cookie_sid":"d0ea6e6140df7e6d5343165427fea3bc"}
[2025-12-06 13:36:58] {"event":"ms_state_created","state_saved":"3e35f16b73cdf5b6ba0bf4a0efaff7f8","session_id":"d0ea6e6140df7e6d5343165427fea3bc","cookie_sid":"d0ea6e6140df7e6d5343165427fea3bc"}
[2025-12-06 13:37:43] {"event":"login.php load","session_id":"d0ea6e6140df7e6d5343165427fea3bc","has_state":true,"cookie_quill":null,"cookie_sid":"d0ea6e6140df7e6d5343165427fea3bc"}
[2025-12-06 13:37:43] {"event":"ms_state_created","state_saved":"c1d5e973e8cb189b461bdc43f65a81e5","session_id":"d0ea6e6140df7e6d5343165427fea3bc","cookie_sid":"d0ea6e6140df7e6d5343165427fea3bc"}
[2025-12-06 13:37:50] {"event":"login.php load","session_id":"d0ea6e6140df7e6d5343165427fea3bc","has_state":true,"cookie_quill":null,"cookie_sid":"d0ea6e6140df7e6d5343165427fea3bc"}
[2025-12-06 13:37:51] {"event":"normal-login-success","user_id":149,"token":"2122b2d9975c9d73496e25b6c1618b3b08c0bebf45c199a978323484fa972662","session_id":"5fa0a7ba54cf090e9a9d3f5fd367be37"}
[2025-12-06 13:45:08] {"event":"login.php load","session_id":"5fa0a7ba54cf090e9a9d3f5fd367be37","has_state":false,"cookie_quill":null,"cookie_sid":"5fa0a7ba54cf090e9a9d3f5fd367be37"}
[2025-12-06 13:45:08] {"event":"ms_state_created","state_saved":"45478399585c173071751b4257570bd1","session_id":"5fa0a7ba54cf090e9a9d3f5fd367be37","cookie_sid":"5fa0a7ba54cf090e9a9d3f5fd367be37"}
[2025-12-06 13:46:41] {"event":"login.php load","session_id":"5fa0a7ba54cf090e9a9d3f5fd367be37","has_state":true,"cookie_quill":null,"cookie_sid":"5fa0a7ba54cf090e9a9d3f5fd367be37"}
[2025-12-06 13:46:41] {"event":"ms_state_created","state_saved":"66c8a10c126ab6f693052dade9f27370","session_id":"5fa0a7ba54cf090e9a9d3f5fd367be37","cookie_sid":"5fa0a7ba54cf090e9a9d3f5fd367be37"}
[2025-12-06 13:46:48] {"event":"login.php load","session_id":"5fa0a7ba54cf090e9a9d3f5fd367be37","has_state":true,"cookie_quill":null,"cookie_sid":"5fa0a7ba54cf090e9a9d3f5fd367be37"}
[2025-12-06 13:46:48] {"event":"normal-login-success","user_id":150,"token":"16db9eb2cb12bd1a9311e71bf601a8c8280af526cbfc436dfd4747ab9f58a596","session_id":"b2ff63587f22c995687df085dcb7e61a"}
[2025-12-06 13:57:15] {"event":"login.php load","session_id":"b2ff63587f22c995687df085dcb7e61a","has_state":false,"cookie_quill":null,"cookie_sid":"b2ff63587f22c995687df085dcb7e61a"}
[2025-12-06 13:57:15] {"event":"ms_state_created","state_saved":"e660412d398a7e0c0cd9d7d6dcf0eecd","session_id":"b2ff63587f22c995687df085dcb7e61a","cookie_sid":"b2ff63587f22c995687df085dcb7e61a"}
[2025-12-06 14:02:30] {"event":"login.php load","session_id":"b2ff63587f22c995687df085dcb7e61a","has_state":true,"cookie_quill":null,"cookie_sid":"b2ff63587f22c995687df085dcb7e61a"}
[2025-12-06 14:02:30] {"event":"ms_state_created","state_saved":"4a05ec106319c893574abc773719a261","session_id":"b2ff63587f22c995687df085dcb7e61a","cookie_sid":"b2ff63587f22c995687df085dcb7e61a"}
[2025-12-06 14:02:42] {"event":"login.php load","session_id":"b2ff63587f22c995687df085dcb7e61a","has_state":true,"cookie_quill":null,"cookie_sid":"b2ff63587f22c995687df085dcb7e61a"}
[2025-12-06 14:02:42] {"event":"normal-login-success","user_id":151,"token":"0645f0ee93b35144032acac2bee2e896bb6943efd84ba13938c037ba460333ab","session_id":"43d394f8c330e00c6a1eb3e889a56612"}
[2025-12-06 14:06:57] {"event":"login.php load","session_id":"43d394f8c330e00c6a1eb3e889a56612","has_state":false,"cookie_quill":null,"cookie_sid":"43d394f8c330e00c6a1eb3e889a56612"}
[2025-12-06 14:06:57] {"event":"ms_state_created","state_saved":"4af4b56dc3bcf482366f023bf85a923d","session_id":"43d394f8c330e00c6a1eb3e889a56612","cookie_sid":"43d394f8c330e00c6a1eb3e889a56612"}
[2025-12-06 14:07:38] {"event":"login.php load","session_id":"43d394f8c330e00c6a1eb3e889a56612","has_state":true,"cookie_quill":null,"cookie_sid":"43d394f8c330e00c6a1eb3e889a56612"}
[2025-12-06 14:07:38] {"event":"ms_state_created","state_saved":"0eda0ea1d63ec5738bde6248858a5085","session_id":"43d394f8c330e00c6a1eb3e889a56612","cookie_sid":"43d394f8c330e00c6a1eb3e889a56612"}
[2025-12-06 14:07:45] {"event":"login.php load","session_id":"43d394f8c330e00c6a1eb3e889a56612","has_state":true,"cookie_quill":null,"cookie_sid":"43d394f8c330e00c6a1eb3e889a56612"}
[2025-12-06 14:07:45] {"event":"normal-login-success","user_id":152,"token":"e4c0aef1987eb73ec5c238bd2ce13c91079cd4d3e671f67b2b0b975fbbafd8b6","session_id":"c66367956ab8668606e200f26da9d585"}
[2025-12-06 14:11:16] {"event":"login.php load","session_id":"c66367956ab8668606e200f26da9d585","has_state":false,"cookie_quill":null,"cookie_sid":"c66367956ab8668606e200f26da9d585"}
[2025-12-06 14:11:16] {"event":"ms_state_created","state_saved":"d5bc282cbf153464c7de1abc03d27cb3","session_id":"c66367956ab8668606e200f26da9d585","cookie_sid":"c66367956ab8668606e200f26da9d585"}
[2025-12-06 14:12:22] {"event":"login.php load","session_id":"c66367956ab8668606e200f26da9d585","has_state":true,"cookie_quill":null,"cookie_sid":"c66367956ab8668606e200f26da9d585"}
[2025-12-06 14:12:22] {"event":"ms_state_created","state_saved":"d7f4a12a4219383fffa4c57eb8aaf3d7","session_id":"c66367956ab8668606e200f26da9d585","cookie_sid":"c66367956ab8668606e200f26da9d585"}
[2025-12-06 14:12:28] {"event":"login.php load","session_id":"c66367956ab8668606e200f26da9d585","has_state":true,"cookie_quill":null,"cookie_sid":"c66367956ab8668606e200f26da9d585"}
[2025-12-06 14:12:28] {"event":"normal-login-success","user_id":153,"token":"9e3e69e779ae1d83bad0f51a8b5acf93411a1b86ed90bcc917a16c84530b34f8","session_id":"973b2d867597316dbc61c2fa0f6a408b"}
[2025-12-06 14:21:39] {"event":"login.php load","session_id":"973b2d867597316dbc61c2fa0f6a408b","has_state":false,"cookie_quill":null,"cookie_sid":"973b2d867597316dbc61c2fa0f6a408b"}
[2025-12-06 14:21:39] {"event":"ms_state_created","state_saved":"149e387ff5f22f46b18e56169b14ba04","session_id":"973b2d867597316dbc61c2fa0f6a408b","cookie_sid":"973b2d867597316dbc61c2fa0f6a408b"}
[2025-12-06 14:22:44] {"event":"login.php load","session_id":"973b2d867597316dbc61c2fa0f6a408b","has_state":true,"cookie_quill":null,"cookie_sid":"973b2d867597316dbc61c2fa0f6a408b"}
[2025-12-06 14:22:44] {"event":"ms_state_created","state_saved":"3938716a03f0c4624eb35e2c79526799","session_id":"973b2d867597316dbc61c2fa0f6a408b","cookie_sid":"973b2d867597316dbc61c2fa0f6a408b"}
[2025-12-06 14:22:53] {"event":"login.php load","session_id":"973b2d867597316dbc61c2fa0f6a408b","has_state":true,"cookie_quill":null,"cookie_sid":"973b2d867597316dbc61c2fa0f6a408b"}
[2025-12-06 14:22:54] {"event":"normal-login-success","user_id":154,"token":"f71429c55ec9bd23597db6c9f95122f088558a4eb81dd89a58b78e2e91aa6e47","session_id":"399902c0bf098d729e99fdf84cb00973"}
[2025-12-06 18:32:34] {"event":"login.php load","session_id":"399902c0bf098d729e99fdf84cb00973","has_state":true,"cookie_quill":null,"cookie_sid":"399902c0bf098d729e99fdf84cb00973"}
[2025-12-06 18:32:34] {"event":"ms_state_created","state_saved":"443c2accba5ef0edbd59e0fe70f7d428","session_id":"399902c0bf098d729e99fdf84cb00973","cookie_sid":"399902c0bf098d729e99fdf84cb00973"}
[2025-12-06 18:32:49] {"event":"login.php load","session_id":"399902c0bf098d729e99fdf84cb00973","has_state":true,"cookie_quill":null,"cookie_sid":"399902c0bf098d729e99fdf84cb00973"}
[2025-12-06 18:32:49] {"event":"normal-login-success","user_id":154,"token":"0277eddcd7244160382a4dc27168123fe9ebb2407e1c40d808a607fc84fc44dd","session_id":"6363831e6baa77b8bedef6c602273d62"}
[2025-12-06 18:55:07] {"event":"login.php load","session_id":"6363831e6baa77b8bedef6c602273d62","has_state":true,"cookie_quill":null,"cookie_sid":"6363831e6baa77b8bedef6c602273d62"}
[2025-12-06 18:55:07] {"event":"ms_state_created","state_saved":"bd326aa9ec4948da4f92a9981e6853fa","session_id":"6363831e6baa77b8bedef6c602273d62","cookie_sid":"6363831e6baa77b8bedef6c602273d62"}
[2025-12-06 18:55:16] {"event":"login.php load","session_id":"6363831e6baa77b8bedef6c602273d62","has_state":true,"cookie_quill":null,"cookie_sid":"6363831e6baa77b8bedef6c602273d62"}
[2025-12-06 18:55:16] {"event":"normal-login-success","user_id":154,"token":"993bdb7782a0ee8d93db7c0b12c9871d033812383e51b46de3e83e8d23ed1792","session_id":"782854b9b34914efdb0233de3bf434ca"}
[2025-12-06 20:33:44] {"event":"login.php load","session_id":"121ec142e31d4a14f834254727073f88","has_state":false,"cookie_quill":null,"cookie_sid":"121ec142e31d4a14f834254727073f88"}
[2025-12-06 20:33:44] {"event":"ms_state_created","state_saved":"ebd0037b30e5774aca19701016b5f9f5","session_id":"121ec142e31d4a14f834254727073f88","cookie_sid":"121ec142e31d4a14f834254727073f88"}
[2025-12-06 20:33:51] {"event":"login.php load","session_id":"121ec142e31d4a14f834254727073f88","has_state":true,"cookie_quill":null,"cookie_sid":"121ec142e31d4a14f834254727073f88"}
[2025-12-06 20:33:51] {"event":"normal-login-success","user_id":154,"token":"e900a73cd19a679b54fdc1c09e3534e658fe6c868027331179c01e822b437ef0","session_id":"0bd6ab82b9f0c719862322e8dcddb72e"}
[2025-12-07 18:22:11] {"event":"login.php load","session_id":"0bd6ab82b9f0c719862322e8dcddb72e","has_state":true,"cookie_quill":null,"cookie_sid":"0bd6ab82b9f0c719862322e8dcddb72e"}
[2025-12-07 18:22:11] {"event":"ms_state_created","state_saved":"88291e4d618cde701854d5f0b4ab0d89","session_id":"0bd6ab82b9f0c719862322e8dcddb72e","cookie_sid":"0bd6ab82b9f0c719862322e8dcddb72e"}
[2025-12-07 18:22:18] {"event":"login.php load","session_id":"0bd6ab82b9f0c719862322e8dcddb72e","has_state":true,"cookie_quill":null,"cookie_sid":"0bd6ab82b9f0c719862322e8dcddb72e"}
[2025-12-07 18:22:18] {"event":"normal-login-success","user_id":154,"token":"ef5f754cf71fc6c5d43d26086944e9c7785d1cbde26164d4abd7eb61f9acc928","session_id":"3b8a026377c3e19836290135a3e414d9"}
[2025-12-07 18:32:26] {"event":"login.php load","session_id":"3b8a026377c3e19836290135a3e414d9","has_state":true,"cookie_quill":null,"cookie_sid":"3b8a026377c3e19836290135a3e414d9"}
[2025-12-07 18:32:26] {"event":"ms_state_created","state_saved":"19909dfed62360313e8b62d097aae905","session_id":"3b8a026377c3e19836290135a3e414d9","cookie_sid":"3b8a026377c3e19836290135a3e414d9"}
[2025-12-07 18:32:32] {"event":"login.php load","session_id":"3b8a026377c3e19836290135a3e414d9","has_state":true,"cookie_quill":null,"cookie_sid":"3b8a026377c3e19836290135a3e414d9"}
[2025-12-07 18:32:32] {"event":"normal-login-success","user_id":2,"token":"323995170d5878676f72584a6554ae5d0fc2c852c60d93a11859adf2250a959a","session_id":"472f97894c299fad2c47d5259ca83718"}
[2025-12-07 19:12:15] {"event":"login.php load","session_id":"3b8a026377c3e19836290135a3e414d9","has_state":false,"cookie_quill":null,"cookie_sid":"3b8a026377c3e19836290135a3e414d9"}
[2025-12-07 19:12:15] {"event":"ms_state_created","state_saved":"8ef4fd3298d14d643b3e80a906e66938","session_id":"3b8a026377c3e19836290135a3e414d9","cookie_sid":"3b8a026377c3e19836290135a3e414d9"}
[2025-12-07 19:12:24] {"event":"login.php load","session_id":"472f97894c299fad2c47d5259ca83718","has_state":true,"cookie_quill":null,"cookie_sid":"472f97894c299fad2c47d5259ca83718"}
[2025-12-07 19:12:24] {"event":"normal-login-success","user_id":154,"token":"4fd10d86bdf3952d4e4e57b6ea33a18c438906f3891efe51fdf758e15d05b430","session_id":"ce5599525ac37474b6f70c62049798bf"}
[2025-12-07 19:13:12] {"event":"login.php load","session_id":"472f97894c299fad2c47d5259ca83718","has_state":false,"cookie_quill":null,"cookie_sid":"472f97894c299fad2c47d5259ca83718"}
[2025-12-07 19:13:12] {"event":"ms_state_created","state_saved":"52ca764f683c70ad4dcff240afe66ca2","session_id":"472f97894c299fad2c47d5259ca83718","cookie_sid":"472f97894c299fad2c47d5259ca83718"}
[2025-12-07 19:13:18] {"event":"login.php load","session_id":"ce5599525ac37474b6f70c62049798bf","has_state":true,"cookie_quill":null,"cookie_sid":"ce5599525ac37474b6f70c62049798bf"}
[2025-12-07 19:13:18] {"event":"normal-login-success","user_id":2,"token":"14fe6b5a56067c2f8e8ae341ab304ecfa1009a9fa6c4baa173b966c3e49173e3","session_id":"56b41fc983b75b4a60870e81d24313a3"}
[2025-12-07 19:14:13] {"event":"login.php load","session_id":"ce5599525ac37474b6f70c62049798bf","has_state":false,"cookie_quill":null,"cookie_sid":"ce5599525ac37474b6f70c62049798bf"}
[2025-12-07 19:14:13] {"event":"ms_state_created","state_saved":"f3a3f22a02f1097c8db9f38a7f23c629","session_id":"ce5599525ac37474b6f70c62049798bf","cookie_sid":"ce5599525ac37474b6f70c62049798bf"}
[2025-12-07 19:14:22] {"event":"login.php load","session_id":"56b41fc983b75b4a60870e81d24313a3","has_state":true,"cookie_quill":null,"cookie_sid":"56b41fc983b75b4a60870e81d24313a3"}
[2025-12-07 19:14:22] {"event":"normal-login-success","user_id":154,"token":"fe4a4af6dd23e026b9e006b52a950488a7d8c02c7b32374de0c1a8e530b58d7c","session_id":"9b3548ccf7882954e8b3cad14b2e5141"}
[2025-12-07 19:19:07] {"event":"login.php load","session_id":"9b3548ccf7882954e8b3cad14b2e5141","has_state":true,"cookie_quill":null,"cookie_sid":"9b3548ccf7882954e8b3cad14b2e5141"}
[2025-12-07 19:19:07] {"event":"ms_state_created","state_saved":"b550118854b690de728cbc0d8a0ec73d","session_id":"9b3548ccf7882954e8b3cad14b2e5141","cookie_sid":"9b3548ccf7882954e8b3cad14b2e5141"}
[2025-12-07 19:19:22] {"event":"login.php load","session_id":"9b3548ccf7882954e8b3cad14b2e5141","has_state":true,"cookie_quill":null,"cookie_sid":"9b3548ccf7882954e8b3cad14b2e5141"}
[2025-12-07 19:19:22] {"event":"normal-login-failed","username":"Mohsen"}
[2025-12-07 19:19:22] {"event":"ms_state_created","state_saved":"745b60b1d9d32659be265f474ef0c68f","session_id":"9b3548ccf7882954e8b3cad14b2e5141","cookie_sid":"9b3548ccf7882954e8b3cad14b2e5141"}
[2025-12-07 19:19:29] {"event":"login.php load","session_id":"9b3548ccf7882954e8b3cad14b2e5141","has_state":true,"cookie_quill":null,"cookie_sid":"9b3548ccf7882954e8b3cad14b2e5141"}
[2025-12-07 19:19:29] {"event":"normal-login-success","user_id":2,"token":"cb1e47d50105874e5d58478c86b11018391b4d894069c190db06c20c2ac74963","session_id":"f8cf943d7e04fc49dc0d8f3c6ef2d74c"}
[2025-12-07 19:23:48] {"event":"login.php load","session_id":"9b3548ccf7882954e8b3cad14b2e5141","has_state":false,"cookie_quill":null,"cookie_sid":"9b3548ccf7882954e8b3cad14b2e5141"}
[2025-12-07 19:23:48] {"event":"ms_state_created","state_saved":"b8953306228418f6d295e9f7229d6a3d","session_id":"9b3548ccf7882954e8b3cad14b2e5141","cookie_sid":"9b3548ccf7882954e8b3cad14b2e5141"}
[2025-12-07 19:26:17] {"event":"login.php load","session_id":"9b3548ccf7882954e8b3cad14b2e5141","has_state":true,"cookie_quill":null,"cookie_sid":"9b3548ccf7882954e8b3cad14b2e5141"}
[2025-12-07 19:26:17] {"event":"ms_state_created","state_saved":"a9016c55c675770cb4207ac567551622","session_id":"9b3548ccf7882954e8b3cad14b2e5141","cookie_sid":"9b3548ccf7882954e8b3cad14b2e5141"}
[2025-12-08 00:39:15] {"event":"login.php load","session_id":"2e3f3488a4c680975b75b0a62a8a0187","has_state":false,"cookie_quill":null,"cookie_sid":"2e3f3488a4c680975b75b0a62a8a0187"}
[2025-12-08 00:39:15] {"event":"ms_state_created","state_saved":"10c328dd988b57c1418cdfa855d6f968","session_id":"2e3f3488a4c680975b75b0a62a8a0187","cookie_sid":"2e3f3488a4c680975b75b0a62a8a0187"}
[2025-12-08 00:43:25] {"event":"login.php load","session_id":"2e3f3488a4c680975b75b0a62a8a0187","has_state":true,"cookie_quill":null,"cookie_sid":"2e3f3488a4c680975b75b0a62a8a0187"}
[2025-12-08 00:43:25] {"event":"ms_state_created","state_saved":"2fc3608506538bb0900302868ea48a44","session_id":"2e3f3488a4c680975b75b0a62a8a0187","cookie_sid":"2e3f3488a4c680975b75b0a62a8a0187"}
[2025-12-08 00:43:34] {"event":"login.php load","session_id":"2e3f3488a4c680975b75b0a62a8a0187","has_state":true,"cookie_quill":null,"cookie_sid":"2e3f3488a4c680975b75b0a62a8a0187"}
[2025-12-08 00:43:34] {"event":"normal-login-success","user_id":155,"token":"c5a003f97ac65762a7abebbadfd3b257fba59e84f5ddcf0b13749db12d69205b","session_id":"2e3f3488a4c680975b75b0a62a8a0187"}
[2025-12-08 00:44:13] {"event":"login.php load","session_id":"00d5c41ca036254c11d02ac1bb9aab44","has_state":false,"cookie_quill":null,"cookie_sid":"00d5c41ca036254c11d02ac1bb9aab44"}
[2025-12-08 00:44:13] {"event":"ms_state_created","state_saved":"75072582a58806f3665e768aab0a6103","session_id":"00d5c41ca036254c11d02ac1bb9aab44","cookie_sid":"00d5c41ca036254c11d02ac1bb9aab44"}
[2025-12-08 00:44:47] {"event":"login.php load","session_id":"00d5c41ca036254c11d02ac1bb9aab44","has_state":true,"cookie_quill":null,"cookie_sid":"00d5c41ca036254c11d02ac1bb9aab44"}
[2025-12-08 00:44:47] {"event":"normal-login-success","user_id":2,"token":"407c3da514d8b6ea02c89ff313e76b6d74cd0ae1251c4e12cbc5c5b0e0b315e4","session_id":"88107f858d4960d5f407adb5abdaad81"}
[2025-12-08 00:50:59] {"event":"login.php load","session_id":"00d5c41ca036254c11d02ac1bb9aab44","has_state":false,"cookie_quill":null,"cookie_sid":"00d5c41ca036254c11d02ac1bb9aab44"}
[2025-12-08 00:50:59] {"event":"ms_state_created","state_saved":"5954fbc9f7eefcda70f3f5e896360049","session_id":"00d5c41ca036254c11d02ac1bb9aab44","cookie_sid":"00d5c41ca036254c11d02ac1bb9aab44"}
[2025-12-08 00:51:31] {"event":"login.php load","session_id":"88107f858d4960d5f407adb5abdaad81","has_state":true,"cookie_quill":null,"cookie_sid":"88107f858d4960d5f407adb5abdaad81"}
[2025-12-08 00:51:31] {"event":"normal-login-success","user_id":2,"token":"e9542bfca623c6b3e130c4a5a9f67f77536efb3780833da19a4d46400210ebc0","session_id":"88107f858d4960d5f407adb5abdaad81"}
[2025-12-08 01:06:33] {"event":"login.php load","session_id":"4da88b8e17d8568d521938b612d6b674","has_state":false,"cookie_quill":null,"cookie_sid":null}
[2025-12-08 01:06:33] {"event":"ms_state_created","state_saved":"9d327b00d1220857a14da5a80092edab","session_id":"4da88b8e17d8568d521938b612d6b674","cookie_sid":null}
[2025-12-08 11:38:59] {"event":"login.php load","session_id":"4da88b8e17d8568d521938b612d6b674","has_state":true,"cookie_quill":null,"cookie_sid":"4da88b8e17d8568d521938b612d6b674"}
[2025-12-08 11:38:59] {"event":"ms_state_created","state_saved":"23c0700af9745c1baccb74fb000b7b61","session_id":"4da88b8e17d8568d521938b612d6b674","cookie_sid":"4da88b8e17d8568d521938b612d6b674"}
[2025-12-08 21:31:58] {"event":"login.php load","session_id":"4da88b8e17d8568d521938b612d6b674","has_state":true,"cookie_quill":null,"cookie_sid":"4da88b8e17d8568d521938b612d6b674"}
[2025-12-08 21:31:58] {"event":"ms_state_created","state_saved":"c4b8f90668ed42515e37bce6c6c3a0fe","session_id":"4da88b8e17d8568d521938b612d6b674","cookie_sid":"4da88b8e17d8568d521938b612d6b674"}
[2025-12-08 22:46:55] {"event":"login.php load","session_id":"4da88b8e17d8568d521938b612d6b674","has_state":true,"cookie_quill":null,"cookie_sid":"4da88b8e17d8568d521938b612d6b674"}
[2025-12-08 22:46:55] {"event":"ms_state_created","state_saved":"2ec4c46abfff58fed70f727b84656b38","session_id":"4da88b8e17d8568d521938b612d6b674","cookie_sid":"4da88b8e17d8568d521938b612d6b674"}
[2025-12-08 22:48:30] {"event":"login.php load","session_id":"4da88b8e17d8568d521938b612d6b674","has_state":true,"cookie_quill":null,"cookie_sid":"4da88b8e17d8568d521938b612d6b674"}
[2025-12-08 22:48:30] {"event":"ms_state_created","state_saved":"399dd59843cebce85a7c69145d629c42","session_id":"4da88b8e17d8568d521938b612d6b674","cookie_sid":"4da88b8e17d8568d521938b612d6b674"}
[2025-12-08 22:49:01] {"event":"login.php load","session_id":"4da88b8e17d8568d521938b612d6b674","has_state":true,"cookie_quill":null,"cookie_sid":"4da88b8e17d8568d521938b612d6b674"}
[2025-12-08 22:49:01] {"event":"ms_state_created","state_saved":"7e51e46e8a45b2b37d9e57f0856971e1","session_id":"4da88b8e17d8568d521938b612d6b674","cookie_sid":"4da88b8e17d8568d521938b612d6b674"}
[2025-12-08 22:49:27] {"event":"login.php load","session_id":"4da88b8e17d8568d521938b612d6b674","has_state":true,"cookie_quill":null,"cookie_sid":"4da88b8e17d8568d521938b612d6b674"}
[2025-12-08 22:49:27] {"event":"ms_state_created","state_saved":"f96b1bd5f6b144a24e389c6a6c98c344","session_id":"4da88b8e17d8568d521938b612d6b674","cookie_sid":"4da88b8e17d8568d521938b612d6b674"}
[2025-12-08 23:08:45] {"event":"login.php load","session_id":"4da88b8e17d8568d521938b612d6b674","has_state":true,"cookie_quill":null,"cookie_sid":"4da88b8e17d8568d521938b612d6b674"}
[2025-12-08 23:08:45] {"event":"ms_state_created","state_saved":"0369ff1c28bd1cf199a3bdbebcc387f4","session_id":"4da88b8e17d8568d521938b612d6b674","cookie_sid":"4da88b8e17d8568d521938b612d6b674"}
[2025-12-08 23:12:23] {"event":"login.php load","session_id":"4da88b8e17d8568d521938b612d6b674","has_state":true,"cookie_quill":null,"cookie_sid":"4da88b8e17d8568d521938b612d6b674"}
[2025-12-08 23:12:23] {"event":"ms_state_created","state_saved":"8fae8a9d1b962f14daa525b49572b094","session_id":"4da88b8e17d8568d521938b612d6b674","cookie_sid":"4da88b8e17d8568d521938b612d6b674"}
[2025-12-08 23:12:31] {"event":"login.php load","session_id":"4da88b8e17d8568d521938b612d6b674","has_state":true,"cookie_quill":null,"cookie_sid":"4da88b8e17d8568d521938b612d6b674"}
[2025-12-08 23:12:31] {"event":"ms_state_created","state_saved":"60b5bb51330d193df71790c80ab3dc06","session_id":"4da88b8e17d8568d521938b612d6b674","cookie_sid":"4da88b8e17d8568d521938b612d6b674"}
[2025-12-08 23:13:10] {"event":"login.php load","session_id":"4da88b8e17d8568d521938b612d6b674","has_state":true,"cookie_quill":null,"cookie_sid":"4da88b8e17d8568d521938b612d6b674"}
[2025-12-08 23:13:10] {"event":"ms_state_created","state_saved":"bedc869b15a294d692cee72c84b85858","session_id":"4da88b8e17d8568d521938b612d6b674","cookie_sid":"4da88b8e17d8568d521938b612d6b674"}
[2025-12-08 23:14:13] {"event":"login.php load","session_id":"4da88b8e17d8568d521938b612d6b674","has_state":true,"cookie_quill":null,"cookie_sid":"4da88b8e17d8568d521938b612d6b674"}
[2025-12-08 23:14:13] {"event":"ms_state_created","state_saved":"bade54a4329e3e0bc594b24144a04cf0","session_id":"4da88b8e17d8568d521938b612d6b674","cookie_sid":"4da88b8e17d8568d521938b612d6b674"}
[2025-12-08 23:14:53] {"event":"login.php load","session_id":"4da88b8e17d8568d521938b612d6b674","has_state":true,"cookie_quill":null,"cookie_sid":"4da88b8e17d8568d521938b612d6b674"}
[2025-12-08 23:14:53] {"event":"ms_state_created","state_saved":"56c865e15f4d8fc6bf2d1cd7e66840fc","session_id":"4da88b8e17d8568d521938b612d6b674","cookie_sid":"4da88b8e17d8568d521938b612d6b674"}
[2025-12-08 23:51:17] {"event":"login.php load","session_id":"4da88b8e17d8568d521938b612d6b674","has_state":true,"cookie_quill":null,"cookie_sid":"4da88b8e17d8568d521938b612d6b674"}
[2025-12-08 23:51:17] {"event":"ms_state_created","state_saved":"c56a7fc6e234b5d61c99a3f9503e7aa4","session_id":"4da88b8e17d8568d521938b612d6b674","cookie_sid":"4da88b8e17d8568d521938b612d6b674"}
[2025-12-08 23:51:37] {"event":"login.php load","session_id":"4da88b8e17d8568d521938b612d6b674","has_state":true,"cookie_quill":null,"cookie_sid":"4da88b8e17d8568d521938b612d6b674"}
[2025-12-08 23:51:37] {"event":"ms_state_created","state_saved":"e7af21350dd6ade518ed0b2cee2ce970","session_id":"4da88b8e17d8568d521938b612d6b674","cookie_sid":"4da88b8e17d8568d521938b612d6b674"}
[2025-12-08 23:52:21] {"event":"login.php load","session_id":"4da88b8e17d8568d521938b612d6b674","has_state":true,"cookie_quill":null,"cookie_sid":"4da88b8e17d8568d521938b612d6b674"}
[2025-12-08 23:52:21] {"event":"ms_state_created","state_saved":"5cdef3cf2e31283a4fa32602882ac3d0","session_id":"4da88b8e17d8568d521938b612d6b674","cookie_sid":"4da88b8e17d8568d521938b612d6b674"}
[2025-12-08 23:54:36] {"event":"login.php load","session_id":"4da88b8e17d8568d521938b612d6b674","has_state":false,"cookie_quill":null,"cookie_sid":"4da88b8e17d8568d521938b612d6b674"}
[2025-12-08 23:54:36] {"event":"ms_state_created","state_saved":"61084e06f1c01e86710c61d526eb0544","session_id":"4da88b8e17d8568d521938b612d6b674","cookie_sid":"4da88b8e17d8568d521938b612d6b674"}
[2025-12-08 23:54:55] {"event":"login.php load","session_id":"4da88b8e17d8568d521938b612d6b674","has_state":true,"cookie_quill":null,"cookie_sid":"4da88b8e17d8568d521938b612d6b674"}
[2025-12-08 23:54:55] {"event":"ms_state_created","state_saved":"ec88b35a3481e122a73d232d02dda2a5","session_id":"4da88b8e17d8568d521938b612d6b674","cookie_sid":"4da88b8e17d8568d521938b612d6b674"}
[2025-12-08 23:55:01] {"event":"login.php load","session_id":"4da88b8e17d8568d521938b612d6b674","has_state":true,"cookie_quill":null,"cookie_sid":"4da88b8e17d8568d521938b612d6b674"}
[2025-12-08 23:55:01] {"event":"normal-login-success","user_id":154,"token":"5ea6f77778525e9594cffc5e8c1fe1088105c392ec83953f4c2f53a6df1ff091","session_id":"e62679f335a70f9a5821277ef25cb7dd"}
[2025-12-08 23:55:05] {"event":"login.php load","session_id":"4da88b8e17d8568d521938b612d6b674","has_state":false,"cookie_quill":null,"cookie_sid":"4da88b8e17d8568d521938b612d6b674"}
[2025-12-08 23:55:05] {"event":"ms_state_created","state_saved":"c458068303cd7fca628fd8e36ad506a5","session_id":"4da88b8e17d8568d521938b612d6b674","cookie_sid":"4da88b8e17d8568d521938b612d6b674"}
[2025-12-09 00:00:48] {"event":"login.php load","session_id":"e62679f335a70f9a5821277ef25cb7dd","has_state":true,"cookie_quill":null,"cookie_sid":"e62679f335a70f9a5821277ef25cb7dd"}
[2025-12-09 00:00:48] {"event":"ms_state_created","state_saved":"546898a306fa7be39b2f7ef19b69328b","session_id":"e62679f335a70f9a5821277ef25cb7dd","cookie_sid":"e62679f335a70f9a5821277ef25cb7dd"}
[2025-12-09 00:00:54] {"event":"login.php load","session_id":"e62679f335a70f9a5821277ef25cb7dd","has_state":true,"cookie_quill":null,"cookie_sid":"e62679f335a70f9a5821277ef25cb7dd"}
[2025-12-09 00:00:54] {"event":"normal-login-success","user_id":160,"token":"bcb41685926a01fec21cdaa3b0ecb7b59ad46b19415c753ba66c9cf455398f2c","session_id":"d60e12831bf407d375ef23ece181e713"}
[2025-12-09 00:01:03] {"event":"login.php load","session_id":"e62679f335a70f9a5821277ef25cb7dd","has_state":false,"cookie_quill":null,"cookie_sid":"e62679f335a70f9a5821277ef25cb7dd"}
[2025-12-09 00:01:03] {"event":"ms_state_created","state_saved":"2430b0ea50ee4e36dc721d61e1b4b5bb","session_id":"e62679f335a70f9a5821277ef25cb7dd","cookie_sid":"e62679f335a70f9a5821277ef25cb7dd"}
[2025-12-10 13:10:55] {"event":"login.php load","session_id":"d60e12831bf407d375ef23ece181e713","has_state":true,"cookie_quill":null,"cookie_sid":"d60e12831bf407d375ef23ece181e713"}
[2025-12-10 13:10:55] {"event":"ms_state_created","state_saved":"c5a80fc6e00608f745221f71dbe94c28","session_id":"d60e12831bf407d375ef23ece181e713","cookie_sid":"d60e12831bf407d375ef23ece181e713"}
[2025-12-10 13:16:51] {"event":"login.php load","session_id":"d60e12831bf407d375ef23ece181e713","has_state":true,"cookie_quill":null,"cookie_sid":"d60e12831bf407d375ef23ece181e713"}
[2025-12-10 13:16:51] {"event":"ms_state_created","state_saved":"441e1ecb79fd2c1bb572ee2853164ec6","session_id":"d60e12831bf407d375ef23ece181e713","cookie_sid":"d60e12831bf407d375ef23ece181e713"}
[2025-12-10 13:27:37] {"event":"login.php load","session_id":"d60e12831bf407d375ef23ece181e713","has_state":true,"cookie_quill":null,"cookie_sid":"d60e12831bf407d375ef23ece181e713"}
[2025-12-10 13:27:37] {"event":"ms_state_created","state_saved":"d6a8a1a86b19f97bb537c4292c7b56e5","session_id":"d60e12831bf407d375ef23ece181e713","cookie_sid":"d60e12831bf407d375ef23ece181e713"}
[2025-12-10 13:27:45] {"event":"login.php load","session_id":"d60e12831bf407d375ef23ece181e713","has_state":true,"cookie_quill":null,"cookie_sid":"d60e12831bf407d375ef23ece181e713"}
[2025-12-10 13:27:45] {"event":"normal-login-success","user_id":2,"token":"9d29df58d7b7661c8945417b49159a411116c7c293807c30da7f7564194cfef6","session_id":"8f39b75bfd65d1488d3fc7725896671a"}
[2025-12-10 13:36:34] {"event":"login.php load","session_id":"d60e12831bf407d375ef23ece181e713","has_state":false,"cookie_quill":null,"cookie_sid":"d60e12831bf407d375ef23ece181e713"}
[2025-12-10 13:36:34] {"event":"ms_state_created","state_saved":"bd6d383ad97737a4954566620e1a7072","session_id":"d60e12831bf407d375ef23ece181e713","cookie_sid":"d60e12831bf407d375ef23ece181e713"}
[2025-12-10 14:34:43] {"event":"login.php load","session_id":"8f39b75bfd65d1488d3fc7725896671a","has_state":true,"cookie_quill":null,"cookie_sid":"8f39b75bfd65d1488d3fc7725896671a"}
[2025-12-10 14:34:43] {"event":"ms_state_created","state_saved":"5553508a583b9f87a370bc34573a2f65","session_id":"8f39b75bfd65d1488d3fc7725896671a","cookie_sid":"8f39b75bfd65d1488d3fc7725896671a"}
[2025-12-10 14:35:02] {"event":"login.php load","session_id":"8f39b75bfd65d1488d3fc7725896671a","has_state":true,"cookie_quill":null,"cookie_sid":"8f39b75bfd65d1488d3fc7725896671a"}
[2025-12-10 14:35:02] {"event":"ms_state_created","state_saved":"7a3f45ea68a887cb3fadc5d334fb4149","session_id":"8f39b75bfd65d1488d3fc7725896671a","cookie_sid":"8f39b75bfd65d1488d3fc7725896671a"}
[2025-12-10 14:41:34] {"event":"login.php load","session_id":"8f39b75bfd65d1488d3fc7725896671a","has_state":true,"cookie_quill":null,"cookie_sid":"8f39b75bfd65d1488d3fc7725896671a"}
[2025-12-10 14:41:34] {"event":"ms_state_created","state_saved":"266be1c363bfbd5e1340478cc86440c9","session_id":"8f39b75bfd65d1488d3fc7725896671a","cookie_sid":"8f39b75bfd65d1488d3fc7725896671a"}
[2025-12-10 16:52:59] {"event":"login.php load","session_id":"8f39b75bfd65d1488d3fc7725896671a","has_state":true,"cookie_quill":null,"cookie_sid":"8f39b75bfd65d1488d3fc7725896671a"}
[2025-12-10 16:52:59] {"event":"ms_state_created","state_saved":"02d18ea5a0052537d6a3318253e08ad9","session_id":"8f39b75bfd65d1488d3fc7725896671a","cookie_sid":"8f39b75bfd65d1488d3fc7725896671a"}
[2025-12-10 22:56:18] {"event":"login.php load","session_id":"ecda44b4381a6dc2ab16416bd2f4a678","has_state":false,"cookie_quill":"561a042c5e98c7f024808b339f079239d1fe21595dfae1ea8d4d6173eeb3d928","cookie_sid":"ecda44b4381a6dc2ab16416bd2f4a678"}
[2025-12-10 22:56:18] {"event":"ms_state_created","state_saved":"5523917a0d1e8dc38d8658aa8a07a15c","session_id":"ecda44b4381a6dc2ab16416bd2f4a678","cookie_sid":"ecda44b4381a6dc2ab16416bd2f4a678"}
[2025-12-10 22:56:35] {"event":"login.php load","session_id":"ecda44b4381a6dc2ab16416bd2f4a678","has_state":true,"cookie_quill":"561a042c5e98c7f024808b339f079239d1fe21595dfae1ea8d4d6173eeb3d928","cookie_sid":"ecda44b4381a6dc2ab16416bd2f4a678"}
[2025-12-10 22:56:35] {"event":"ms_state_created","state_saved":"91c53643013918276147f330564e60cd","session_id":"ecda44b4381a6dc2ab16416bd2f4a678","cookie_sid":"ecda44b4381a6dc2ab16416bd2f4a678"}
[2025-12-10 22:56:37] {"event":"callback-enter","_GET":{"code":"M.C515_BAY.2.U.45bae7bb-5acf-fcbc-33cc-d39393b1d473","state":"91c53643013918276147f330564e60cd"},"session_id":"ecda44b4381a6dc2ab16416bd2f4a678","session_state":"91c53643013918276147f330564e60cd","cookie_sid":"ecda44b4381a6dc2ab16416bd2f4a678"}
[2025-12-10 22:56:38] {"event":"token-response","resp":"{\"token_type\":\"Bearer\",\"scope\":\"openid email profile User.Read\",\"expires_in\":3599,\"ext_expires_in\":3599,\"access_token\":\"EwBYBMl6BAAUu4TQbLz/EdYigQnDPtIo76ZZUKsAATyIIG9gqYrsgE7/ZQebiNYLH96YL+QeIETIYy2vKNgo4iFgyhxWbekLbhrwzCm6bTy1OxjwsXP/6Z+5yk/Jnu3WB8VAI7mFKaYsf//TlIPM1I6gK4hId5cn46YZOnKM+rbeRlxR32DxeCg0LwJG7SCvCNtHXa6faSq7d0eHNyo3ae7LVKPcOaTBtkhT2Nf3s8/8XPbe6INh1/c/niZVbcGza+xMsHAx7bw621knDSLj57E8svEujffwwVexsrlqHeQAeRCL0+q/6AV6sBss97Tr0ohRyfSQC9ize2zCNr97FX+14QUoMMZ6a7zt1awRdwES1tsTBkgsfJG0byCOe18QZgAAELPIa9WnvOVvJQAHeRZoLpUgA7xOraVsMx/rKsFQ3taM4znxc9mbR2KC99nVHbH8MdfzBbTb7FtOdDqGhGxH9cjIZLMe39OryPz//9rfNGt4wEeDvLvFgh0SJh6Zri/oR0hv4+n+cGCXHsJyi9AXZyOyC2LMfeqCf6kjEAwapHxYQyEgEuggnezPT9R9rMNBHhWSMolwpJMWZH/r/Qn1MWlQ8go68Tt39sL+aolc+SIn5g03PlbSET2PAIczZUcR9EGuFa3N2cxAhKpQflqA9gjI95PpmgVq7lYIZ08REISdut0O0OXjlB+/7/qFizeQ2StQPIg76QW0Iv/17jaVxIc92V7F57uKxyk0i/CwzQwZxZo3Hm5zi2V+8MOguDXzWcUB17jD8IterVSiMW5zjQlj0Udj/OAHHGXuj0dRVndlb3idsNkL5q580+x6dBLTOgq0ffL6+0zq5uPYzdYmpOuLrn7vGLoEKrw56UT5P5sJ","curlErr":""}
[2025-12-10 22:56:43] {"event":"profile-response","profile_raw":"{\"@odata.context\":\"https://graph.microsoft.com/v1.0/$metadata#users/$entity\",\"userPrincipalName\":\"abdelmohsensaleh2013@gmail.com\",\"id\":\"26bdf046fd025d62\",\"displayName\":\"Abdelmohsen Saleh\",\"surname\":\"Saleh\",\"givenName\":\"Abdelmohsen\",\"preferredLanguage\":\"en-US\",\"mail\":\"abdelmohsensaleh2013@gmail.com\",\"mobilePhone\":null,\"jobTitle\":null,\"officeLocation\":null,\"businessPhones\":[]}","curlErr":""}
[2025-12-10 22:56:43] {"event":"found-user","email":"abdelmohsensaleh2013@gmail.com","userId":2}
[2025-12-10 22:56:43] {"event":"created-app-session","userId":2,"appToken":"f487645bca5f93e909bb5ed6fdc41bf41983bed59de3ff24476be48771cdce7f"}
[2025-12-13 12:54:11] {"event":"login.php load","session_id":"ecda44b4381a6dc2ab16416bd2f4a678","has_state":true,"cookie_quill":"561a042c5e98c7f024808b339f079239d1fe21595dfae1ea8d4d6173eeb3d928","cookie_sid":"ecda44b4381a6dc2ab16416bd2f4a678"}
[2025-12-13 12:54:11] {"event":"ms_state_created","state_saved":"c13e3804ad3454f39cbfeacf64312471","session_id":"ecda44b4381a6dc2ab16416bd2f4a678","cookie_sid":"ecda44b4381a6dc2ab16416bd2f4a678"}
[2025-12-13 12:54:27] {"event":"login.php load","session_id":"ecda44b4381a6dc2ab16416bd2f4a678","has_state":true,"cookie_quill":"561a042c5e98c7f024808b339f079239d1fe21595dfae1ea8d4d6173eeb3d928","cookie_sid":"ecda44b4381a6dc2ab16416bd2f4a678"}
[2025-12-13 12:54:27] {"event":"normal-login-success","user_id":2,"token":"c8f46a701e2494f7a7391ae34eef7fee751dacfdd17f8aac44567c2aade6db3e","session_id":"54635a03d19822865b90ba5919ceee8c"}
[2025-12-13 13:12:44] {"event":"login.php load","session_id":"ecda44b4381a6dc2ab16416bd2f4a678","has_state":false,"cookie_quill":"561a042c5e98c7f024808b339f079239d1fe21595dfae1ea8d4d6173eeb3d928","cookie_sid":"ecda44b4381a6dc2ab16416bd2f4a678"}
[2025-12-13 13:12:44] {"event":"ms_state_created","state_saved":"08f74629daa720e9372fef7827a12ab0","session_id":"ecda44b4381a6dc2ab16416bd2f4a678","cookie_sid":"ecda44b4381a6dc2ab16416bd2f4a678"}
[2025-12-13 13:12:57] {"event":"login.php load","session_id":"54635a03d19822865b90ba5919ceee8c","has_state":true,"cookie_quill":"561a042c5e98c7f024808b339f079239d1fe21595dfae1ea8d4d6173eeb3d928","cookie_sid":"54635a03d19822865b90ba5919ceee8c"}
[2025-12-13 13:12:58] {"event":"normal-login-success","user_id":2,"token":"cdb9656824b030c80976d13e777bb2b388783d118f366fe52a79e3125eb200f8","session_id":"54635a03d19822865b90ba5919ceee8c"}
[2025-12-13 14:07:30] {"event":"login.php load","session_id":"2f34c107418fb2688dc0f3af5c7b7079","has_state":false,"cookie_quill":null,"cookie_sid":"2f34c107418fb2688dc0f3af5c7b7079"}
[2025-12-13 14:07:30] {"event":"ms_state_created","state_saved":"22276e8294a58ea4b8e85de82cd295d0","session_id":"2f34c107418fb2688dc0f3af5c7b7079","cookie_sid":"2f34c107418fb2688dc0f3af5c7b7079"}
[2025-12-13 22:10:03] {"event":"login.php load","session_id":"ec32a5bb309df3ab5f2e32109b518484","has_state":false,"cookie_quill":null,"cookie_sid":"ec32a5bb309df3ab5f2e32109b518484"}
[2025-12-13 22:10:03] {"event":"ms_state_created","state_saved":"8e82dbfbb801fefab9c12628eeb2069f","session_id":"ec32a5bb309df3ab5f2e32109b518484","cookie_sid":"ec32a5bb309df3ab5f2e32109b518484"}
[2025-12-14 18:47:38] {"event":"login.php load","session_id":"6831bd4d8347a8897cba9c318e804ea9","has_state":false,"cookie_quill":null,"cookie_sid":"6831bd4d8347a8897cba9c318e804ea9"}
[2025-12-14 18:47:38] {"event":"ms_state_created","state_saved":"3d00fa78760c7b1345e370c16c79c07d","session_id":"6831bd4d8347a8897cba9c318e804ea9","cookie_sid":"6831bd4d8347a8897cba9c318e804ea9"}
[2025-12-14 18:48:11] {"event":"login.php load","session_id":"6831bd4d8347a8897cba9c318e804ea9","has_state":true,"cookie_quill":null,"cookie_sid":"6831bd4d8347a8897cba9c318e804ea9"}
[2025-12-14 18:48:11] {"event":"normal-login-success","user_id":1,"token":"1c20694f7c101306497ac21d7b068b5083196428d991a5b24f5e6e3fd2ab5503","session_id":"6831bd4d8347a8897cba9c318e804ea9"}
[2025-12-14 18:49:26] {"event":"login.php load","session_id":"a0d773086415515a45d6a19d442448d3","has_state":false,"cookie_quill":null,"cookie_sid":null}
[2025-12-14 18:49:26] {"event":"ms_state_created","state_saved":"385b22a0de07b376f69850130c8a5db3","session_id":"a0d773086415515a45d6a19d442448d3","cookie_sid":null}
[2025-12-14 18:49:42] {"event":"login.php load","session_id":"a0d773086415515a45d6a19d442448d3","has_state":true,"cookie_quill":null,"cookie_sid":"a0d773086415515a45d6a19d442448d3"}
[2025-12-14 18:49:42] {"event":"normal-login-success","user_id":2,"token":"841e70f78f2af47c0dd72bbf016b8cbb03af9352a3b7a40ef7bec3d5d7382914","session_id":"a0d773086415515a45d6a19d442448d3"}
[2025-12-18 08:43:04] {"event":"login.php load","session_id":"968bef75dea2be7bbc8ac11fa061db61","has_state":false,"cookie_quill":null,"cookie_sid":null}
[2025-12-18 08:43:04] {"event":"ms_state_created","state_saved":"f864cf6a2c607668b3c377de3c883137","session_id":"968bef75dea2be7bbc8ac11fa061db61","cookie_sid":null}
[2025-12-24 18:51:44] {"event":"login.php load","session_id":"88107f858d4960d5f407adb5abdaad81","has_state":false,"cookie_quill":null,"cookie_sid":"88107f858d4960d5f407adb5abdaad81"}
[2025-12-24 18:51:44] {"event":"ms_state_created","state_saved":"4532a0509eb18fc3c82314a04fa3333e","session_id":"88107f858d4960d5f407adb5abdaad81","cookie_sid":"88107f858d4960d5f407adb5abdaad81"}
[2025-12-24 18:52:36] {"event":"login.php load","session_id":"88107f858d4960d5f407adb5abdaad81","has_state":true,"cookie_quill":null,"cookie_sid":"88107f858d4960d5f407adb5abdaad81"}
[2025-12-24 18:52:36] {"event":"ms_state_created","state_saved":"49b5dcb8b3e3eeaa25b361dd1809dc5c","session_id":"88107f858d4960d5f407adb5abdaad81","cookie_sid":"88107f858d4960d5f407adb5abdaad81"}
[2025-12-24 18:52:49] {"event":"login.php load","session_id":"88107f858d4960d5f407adb5abdaad81","has_state":true,"cookie_quill":null,"cookie_sid":"88107f858d4960d5f407adb5abdaad81"}
[2025-12-24 18:52:49] {"event":"normal-login-failed","username":"Passkey User"}
[2025-12-24 18:52:49] {"event":"ms_state_created","state_saved":"66dadaa1c50955c7eed241d84fa75645","session_id":"88107f858d4960d5f407adb5abdaad81","cookie_sid":"88107f858d4960d5f407adb5abdaad81"}
[2025-12-24 18:53:01] {"event":"callback-enter","_GET":{"code":"M.C515_BL2.2.U.664efb20-d156-05a1-c2be-d3c790eb509f","state":"66dadaa1c50955c7eed241d84fa75645"},"session_id":"88107f858d4960d5f407adb5abdaad81","session_state":"66dadaa1c50955c7eed241d84fa75645","cookie_sid":"88107f858d4960d5f407adb5abdaad81"}
[2025-12-24 18:53:02] {"event":"token-response","resp":"{\"token_type\":\"Bearer\",\"scope\":\"openid email profile User.Read\",\"expires_in\":3599,\"ext_expires_in\":3599,\"access_token\":\"EwBYBMl6BAAUu4TQbLz/EdYigQnDPtIo76ZZUKsAAYFhUkroMKN9QCPI4PxlyrNk9tq2IL7cYL9XRBPs6TE2JTr2BmG/nZhDgxid5mQ4zK7cmk1mdFUiyiUUUCtkcbYj6C2PGcB29mWbg9C9G7THbwAy3iJtIYsRg+/uMoJ1Ze5I51rhImRb+NycOd3tyEOg2bpTX9csQToj6D/gWr1mrLlznjO1vrHjlPCyoiO9SSOF7qK9QxAXQxk3WYKGdWSgk6bt6X/S5aJaQuCvMcB+7QO4Bzu+Y7PhhK9PeFZDGhZJafmLrvltRQgcneWmHPux7QLw7hZYNBZcuRTfcizSPK4qCtiQEAOKquFJXqYeONgy5iL0lIbNZ8K82qwCB5MQZgAAEDNqQYm/hov9Qy994b15iNEgA4cneKTGa9O53yC1Ku/egKCPqKFuw9Tl4DTnMb0vLKeSPMaUEmh3D7eV3Ov7OajnDortxpouQW4CPfVNQCvPL3Z5UAyfWF8qkMCI77LOkRCkmk8wR9/YCSnCgcTkDpGVBT9IFTWYCEeLRAzTBFL5W7AbtUhAU7C5gpK4n7v/0/rG/KKSxT762wyw5Veolb2SkTYC+rXjFiVWAWTybdH9GPsHxjECPmmedxAuqyAcGvBbrSlpjnz2pCuFTa8YNsSbYwHUz07cDM7akyElbvh6jQPVqDUIh4fFfcFjiIh1GQNtmx9Sdtkf5Ut1WbnxrS0lE5NB4+WLRaczZupVZ8n4LPTI8Ip8icNMcHDXEQqhK06VoGeoe0cYtSFh6Oa2oK/iXjkEyEB9fIvboHeeOH5UWa25uCft4umftsSd6/iv+/ub8A1UaM86zBrz9thiBVl9QwFDA13QqDZxSTqnda0z","curlErr":""}
[2025-12-24 18:53:02] {"event":"profile-response","profile_raw":"{\"@odata.context\":\"https://graph.microsoft.com/v1.0/$metadata#users/$entity\",\"userPrincipalName\":\"abdelmohsensaleh2013@gmail.com\",\"id\":\"26bdf046fd025d62\",\"displayName\":\"Abdelmohsen Saleh\",\"surname\":\"Saleh\",\"givenName\":\"Abdelmohsen\",\"preferredLanguage\":\"en-US\",\"mail\":\"abdelmohsensaleh2013@gmail.com\",\"mobilePhone\":null,\"jobTitle\":null,\"officeLocation\":null,\"businessPhones\":[]}","curlErr":""}
[2025-12-24 18:53:02] {"event":"found-user","email":"abdelmohsensaleh2013@gmail.com","userId":2}
[2025-12-24 18:53:02] {"event":"created-app-session","userId":2,"appToken":"a05e4fb6eae0e2e33d5bcb489064363f79a53811f4f4b3f5eff0bfd036ad39c5"}
[2025-12-24 23:33:29] {"event":"login.php load","session_id":"18891300ea031a26c40463ce2a555daf","has_state":false,"cookie_quill":null,"cookie_sid":"18891300ea031a26c40463ce2a555daf"}
[2025-12-24 23:33:29] {"event":"ms_state_created","state_saved":"8cdae25b4a8232bcbeeba4447b02a47d","session_id":"18891300ea031a26c40463ce2a555daf","cookie_sid":"18891300ea031a26c40463ce2a555daf"}
[2025-12-24 23:41:14] {"event":"login.php load","session_id":"18891300ea031a26c40463ce2a555daf","has_state":true,"cookie_quill":null,"cookie_sid":"18891300ea031a26c40463ce2a555daf"}
[2025-12-24 23:41:14] {"event":"ms_state_created","state_saved":"fdc00a31a8acf28dc07b0916dd3a2d97","session_id":"18891300ea031a26c40463ce2a555daf","cookie_sid":"18891300ea031a26c40463ce2a555daf"}
[2025-12-27 20:56:19] {"event":"login.php load","session_id":"34bc15390612f3ba3849725887e05793","has_state":false,"cookie_quill":null,"cookie_sid":"34bc15390612f3ba3849725887e05793"}
[2025-12-27 20:56:19] {"event":"ms_state_created","state_saved":"af60a52e606104dfad25e4039f725db2","session_id":"34bc15390612f3ba3849725887e05793","cookie_sid":"34bc15390612f3ba3849725887e05793"}
[2025-12-30 12:00:13] {"event":"login.php load","session_id":"ed3f7158c0c1a11f31b95247360f8acf","has_state":false,"cookie_quill":null,"cookie_sid":null}
[2025-12-30 12:00:13] {"event":"ms_state_created","state_saved":"3ff374eb1295ffddf187645797cb0858","session_id":"ed3f7158c0c1a11f31b95247360f8acf","cookie_sid":null}
[2025-12-30 14:05:27] {"event":"login.php load","session_id":"735dce020cc3fd07a104509b0765242c","has_state":false,"cookie_quill":null,"cookie_sid":"735dce020cc3fd07a104509b0765242c"}
[2025-12-30 14:05:27] {"event":"ms_state_created","state_saved":"30f4de7a6c0f7fff38f340a07d16e78b","session_id":"735dce020cc3fd07a104509b0765242c","cookie_sid":"735dce020cc3fd07a104509b0765242c"}
[2025-12-30 14:05:44] {"event":"login.php load","session_id":"735dce020cc3fd07a104509b0765242c","has_state":true,"cookie_quill":null,"cookie_sid":"735dce020cc3fd07a104509b0765242c"}
[2025-12-30 14:05:44] {"event":"ms_state_created","state_saved":"44d98156416d00bc886765f79dcdf41b","session_id":"735dce020cc3fd07a104509b0765242c","cookie_sid":"735dce020cc3fd07a104509b0765242c"}
[2025-12-30 14:05:56] {"event":"login.php load","session_id":"735dce020cc3fd07a104509b0765242c","has_state":true,"cookie_quill":null,"cookie_sid":"735dce020cc3fd07a104509b0765242c"}
[2025-12-30 14:05:56] {"event":"normal-login-success","user_id":1,"token":"5016423a70a70b983739f8c3919fb159bf6ea256fa05faddfaf64875e8fc27a2","session_id":"dc45ad71ac1d96f545eca55ced18fd10"}
[2025-12-30 14:05:56] {"event":"login.php load","session_id":"e721aa96f94f4804929c7bd2fdca0f22","has_state":false,"cookie_quill":null,"cookie_sid":null}
[2025-12-30 14:05:56] {"event":"ms_state_created","state_saved":"6b4ef42e861da1fe12b6b944b44f41e6","session_id":"e721aa96f94f4804929c7bd2fdca0f22","cookie_sid":null}
[2025-12-30 14:08:21] {"event":"login.php load","session_id":"54635a03d19822865b90ba5919ceee8c","has_state":false,"cookie_quill":"561a042c5e98c7f024808b339f079239d1fe21595dfae1ea8d4d6173eeb3d928","cookie_sid":"54635a03d19822865b90ba5919ceee8c"}
[2025-12-30 14:08:21] {"event":"ms_state_created","state_saved":"b0485b03f249017e3262d20a3402755e","session_id":"54635a03d19822865b90ba5919ceee8c","cookie_sid":"54635a03d19822865b90ba5919ceee8c"}
[2025-12-30 14:08:34] {"event":"login.php load","session_id":"54635a03d19822865b90ba5919ceee8c","has_state":true,"cookie_quill":"561a042c5e98c7f024808b339f079239d1fe21595dfae1ea8d4d6173eeb3d928","cookie_sid":"54635a03d19822865b90ba5919ceee8c"}
[2025-12-30 14:08:34] {"event":"normal-login-success","user_id":1,"token":"c539cac59853816054b01528d0754181afcbc8b8d88654f5a9d3d9c0aa297239","session_id":"99cf63e67b40ed19e9ec6cb98a3ae34d"}
[2025-12-30 14:08:53] {"event":"login.php load","session_id":"54635a03d19822865b90ba5919ceee8c","has_state":false,"cookie_quill":"561a042c5e98c7f024808b339f079239d1fe21595dfae1ea8d4d6173eeb3d928","cookie_sid":"54635a03d19822865b90ba5919ceee8c"}
[2025-12-30 14:08:53] {"event":"ms_state_created","state_saved":"df04ceac423d0c459366c9078ff73474","session_id":"54635a03d19822865b90ba5919ceee8c","cookie_sid":"54635a03d19822865b90ba5919ceee8c"}
[2025-12-30 14:09:05] {"event":"login.php load","session_id":"54635a03d19822865b90ba5919ceee8c","has_state":true,"cookie_quill":"561a042c5e98c7f024808b339f079239d1fe21595dfae1ea8d4d6173eeb3d928","cookie_sid":"54635a03d19822865b90ba5919ceee8c"}
[2025-12-30 14:09:06] {"event":"normal-login-success","user_id":1,"token":"56cd65ed53903f0b9965e091bdb414862a838b9ff5aa261445f91db5a174fa75","session_id":"54635a03d19822865b90ba5919ceee8c"}
[2025-12-30 18:47:57] {"event":"login.php load","session_id":"735dce020cc3fd07a104509b0765242c","has_state":false,"cookie_quill":null,"cookie_sid":"735dce020cc3fd07a104509b0765242c"}
[2025-12-30 18:47:57] {"event":"ms_state_created","state_saved":"8391007d3d415705dd62bc91c2916a92","session_id":"735dce020cc3fd07a104509b0765242c","cookie_sid":"735dce020cc3fd07a104509b0765242c"}
[2025-12-30 18:48:06] {"event":"login.php load","session_id":"dc45ad71ac1d96f545eca55ced18fd10","has_state":true,"cookie_quill":null,"cookie_sid":"dc45ad71ac1d96f545eca55ced18fd10"}
[2025-12-30 18:48:06] {"event":"normal-login-success","user_id":2,"token":"888a3204ca77419308cad5ee9a6ebec1f0b1444c929fe59069e7f4f33b5c646c","session_id":"87144278666e9894d6b3c8b1716e1bb1"}
[2025-12-30 18:48:34] {"event":"login.php load","session_id":"dc45ad71ac1d96f545eca55ced18fd10","has_state":false,"cookie_quill":null,"cookie_sid":"dc45ad71ac1d96f545eca55ced18fd10"}
[2025-12-30 18:48:34] {"event":"ms_state_created","state_saved":"74784e725d7efddd115f5304a75ca160","session_id":"dc45ad71ac1d96f545eca55ced18fd10","cookie_sid":"dc45ad71ac1d96f545eca55ced18fd10"}
[2025-12-30 18:48:44] {"event":"login.php load","session_id":"87144278666e9894d6b3c8b1716e1bb1","has_state":true,"cookie_quill":null,"cookie_sid":"87144278666e9894d6b3c8b1716e1bb1"}
[2025-12-30 18:48:44] {"event":"normal-login-success","user_id":1,"token":"f1ea07049ad1070a79a53ab6b08ee3bca43a329364747aa1814538031fe60676","session_id":"f035f07520eb8d908d570ba7584acb48"}
[2026-01-02 05:13:20] {"event":"login.php load","session_id":"bb6d536e71dcdc75e2aa7401148547bb","has_state":false,"cookie_quill":null,"cookie_sid":null}
[2026-01-02 05:13:20] {"event":"ms_state_created","state_saved":"457881398fe247165cb77934b10be131","session_id":"bb6d536e71dcdc75e2aa7401148547bb","cookie_sid":null}
[2026-01-15 23:31:42] {"event":"login.php load","session_id":"643df34912175484605d5bb550192b24","has_state":false,"cookie_quill":null,"cookie_sid":"643df34912175484605d5bb550192b24"}
[2026-01-15 23:31:42] {"event":"ms_state_created","state_saved":"d6a890518e42bd1d52e1fa354ec01f1d","session_id":"643df34912175484605d5bb550192b24","cookie_sid":"643df34912175484605d5bb550192b24"}
[2026-01-15 23:32:10] {"event":"login.php load","session_id":"643df34912175484605d5bb550192b24","has_state":true,"cookie_quill":null,"cookie_sid":"643df34912175484605d5bb550192b24"}
[2026-01-15 23:32:10] {"event":"ms_state_created","state_saved":"57e4efe5c6259b3d701c1f34dd9b73f1","session_id":"643df34912175484605d5bb550192b24","cookie_sid":"643df34912175484605d5bb550192b24"}
[2026-01-15 23:32:18] {"event":"login.php load","session_id":"2c2a6854e70c2d3a628aeed9eaa4e8a3","has_state":false,"cookie_quill":null,"cookie_sid":null}
[2026-01-15 23:32:18] {"event":"ms_state_created","state_saved":"ca6b468d92f56228424fb6504c7ca62a","session_id":"2c2a6854e70c2d3a628aeed9eaa4e8a3","cookie_sid":null}
[2026-01-15 23:32:19] {"event":"login.php load","session_id":"643df34912175484605d5bb550192b24","has_state":true,"cookie_quill":null,"cookie_sid":"643df34912175484605d5bb550192b24"}
[2026-01-15 23:32:19] {"event":"normal-login-success","user_id":1,"token":"352c5b1ef8a7eea31f68bf4c0999a3a3203870542e98ecf347d24d8fd68ef543","session_id":"a58d797f849d599a9cbf42b4cdd7d080"}
[2026-01-15 23:59:03] {"event":"login.php load","session_id":"643df34912175484605d5bb550192b24","has_state":false,"cookie_quill":null,"cookie_sid":"643df34912175484605d5bb550192b24"}
[2026-01-15 23:59:03] {"event":"ms_state_created","state_saved":"adfad642ab44d0b6058e296ed1792b3a","session_id":"643df34912175484605d5bb550192b24","cookie_sid":"643df34912175484605d5bb550192b24"}
[2026-01-15 23:59:12] {"event":"login.php load","session_id":"a58d797f849d599a9cbf42b4cdd7d080","has_state":true,"cookie_quill":null,"cookie_sid":"a58d797f849d599a9cbf42b4cdd7d080"}
[2026-01-15 23:59:13] {"event":"normal-login-success","user_id":1,"token":"fbcd2abd83d8f07159f7e1c6c851b7c4560853ed6556aac862e3ddc7c4552355","session_id":"8dfbb8c60ba1588d09b5018a7d3d6294"}
[2026-01-16 00:34:19] {"event":"login.php load","session_id":"a58d797f849d599a9cbf42b4cdd7d080","has_state":false,"cookie_quill":null,"cookie_sid":"a58d797f849d599a9cbf42b4cdd7d080"}
[2026-01-16 00:34:19] {"event":"ms_state_created","state_saved":"5695887e4d29167b8e13129e8540bdf2","session_id":"a58d797f849d599a9cbf42b4cdd7d080","cookie_sid":"a58d797f849d599a9cbf42b4cdd7d080"}
[2026-01-16 00:34:23] {"event":"login.php load","session_id":"a58d797f849d599a9cbf42b4cdd7d080","has_state":true,"cookie_quill":null,"cookie_sid":"a58d797f849d599a9cbf42b4cdd7d080"}
[2026-01-16 00:34:23] {"event":"ms_state_created","state_saved":"690f1b3cc9d0cd8493119c0b0cd0324d","session_id":"a58d797f849d599a9cbf42b4cdd7d080","cookie_sid":"a58d797f849d599a9cbf42b4cdd7d080"}
[2026-01-16 00:34:37] {"event":"login.php load","session_id":"8dfbb8c60ba1588d09b5018a7d3d6294","has_state":true,"cookie_quill":null,"cookie_sid":"8dfbb8c60ba1588d09b5018a7d3d6294"}
[2026-01-16 00:34:37] {"event":"normal-login-failed","username":"Mohamed Kamal"}
[2026-01-16 00:34:37] {"event":"ms_state_created","state_saved":"6635259e94138d71df441213c4555c47","session_id":"8dfbb8c60ba1588d09b5018a7d3d6294","cookie_sid":"8dfbb8c60ba1588d09b5018a7d3d6294"}
[2026-01-16 00:34:48] {"event":"login.php load","session_id":"8dfbb8c60ba1588d09b5018a7d3d6294","has_state":true,"cookie_quill":null,"cookie_sid":"8dfbb8c60ba1588d09b5018a7d3d6294"}
[2026-01-16 00:34:48] {"event":"normal-login-success","user_id":1,"token":"39045c7ae5e147c1fe2641d23263e74b86ef26c9eaec66ee38e6a847b66c33a3","session_id":"cd8e86e47f92c41df86ab08d19088c6f"}
[2026-01-16 00:52:11] {"event":"login.php load","session_id":"1367dea8e13ee1c66ccecc23f11a4098","has_state":false,"cookie_quill":null,"cookie_sid":"1367dea8e13ee1c66ccecc23f11a4098"}
[2026-01-16 00:52:11] {"event":"ms_state_created","state_saved":"631c8d4128df031c7aa78323e93736c5","session_id":"1367dea8e13ee1c66ccecc23f11a4098","cookie_sid":"1367dea8e13ee1c66ccecc23f11a4098"}
[2026-01-16 00:52:29] {"event":"login.php load","session_id":"1367dea8e13ee1c66ccecc23f11a4098","has_state":true,"cookie_quill":null,"cookie_sid":"1367dea8e13ee1c66ccecc23f11a4098"}
[2026-01-16 00:52:29] {"event":"normal-login-success","user_id":1,"token":"7f00a8df26d10bbccbe80c2765f4d75ba6ce70fef18d2297e3670a0905d2ef8c","session_id":"1367dea8e13ee1c66ccecc23f11a4098"}
[2026-01-16 01:06:29] {"event":"login.php load","session_id":"8dfbb8c60ba1588d09b5018a7d3d6294","has_state":false,"cookie_quill":null,"cookie_sid":"8dfbb8c60ba1588d09b5018a7d3d6294"}
[2026-01-16 01:06:29] {"event":"ms_state_created","state_saved":"10f4fd36e245241ca533b841fc96c886","session_id":"8dfbb8c60ba1588d09b5018a7d3d6294","cookie_sid":"8dfbb8c60ba1588d09b5018a7d3d6294"}
[2026-01-16 01:07:16] {"event":"login.php load","session_id":"cd8e86e47f92c41df86ab08d19088c6f","has_state":true,"cookie_quill":null,"cookie_sid":"cd8e86e47f92c41df86ab08d19088c6f"}
[2026-01-16 01:07:16] {"event":"ms_state_created","state_saved":"b8c3027fdd0322f0f9fd516ff558d011","session_id":"cd8e86e47f92c41df86ab08d19088c6f","cookie_sid":"cd8e86e47f92c41df86ab08d19088c6f"}
[2026-01-16 01:11:48] {"event":"login.php load","session_id":"1367dea8e13ee1c66ccecc23f11a4098","has_state":true,"cookie_quill":"4fa7e3f67a908cce4bb1502ffc668f308c4dacc265b02b630a12dd01071ef892","cookie_sid":"1367dea8e13ee1c66ccecc23f11a4098"}
[2026-01-16 01:11:48] {"event":"ms_state_created","state_saved":"e326464ebb14794487454dfe80e2b7e2","session_id":"1367dea8e13ee1c66ccecc23f11a4098","cookie_sid":"1367dea8e13ee1c66ccecc23f11a4098"}
[2026-01-16 01:12:07] {"event":"login.php load","session_id":"1367dea8e13ee1c66ccecc23f11a4098","has_state":true,"cookie_quill":"4fa7e3f67a908cce4bb1502ffc668f308c4dacc265b02b630a12dd01071ef892","cookie_sid":"1367dea8e13ee1c66ccecc23f11a4098"}
[2026-01-16 01:12:07] {"event":"normal-login-success","user_id":1,"token":"1caba4e1df4f791f48272f85e950baf8d024dc1f70b6dd4fa450a38891ed44a9","session_id":"1367dea8e13ee1c66ccecc23f11a4098"}
[2026-01-16 01:15:44] {"event":"login.php load","session_id":"efe64fc277a0b8d3b2208fc0227f8617","has_state":false,"cookie_quill":null,"cookie_sid":"efe64fc277a0b8d3b2208fc0227f8617"}
[2026-01-16 01:15:44] {"event":"ms_state_created","state_saved":"65239f079593191395df727e0525710c","session_id":"efe64fc277a0b8d3b2208fc0227f8617","cookie_sid":"efe64fc277a0b8d3b2208fc0227f8617"}
[2026-01-16 01:16:01] {"event":"login.php load","session_id":"efe64fc277a0b8d3b2208fc0227f8617","has_state":true,"cookie_quill":null,"cookie_sid":"efe64fc277a0b8d3b2208fc0227f8617"}
[2026-01-16 01:16:01] {"event":"ms_state_created","state_saved":"668e48c407a2a14622384e7867ec9009","session_id":"efe64fc277a0b8d3b2208fc0227f8617","cookie_sid":"efe64fc277a0b8d3b2208fc0227f8617"}
[2026-01-16 01:16:15] {"event":"login.php load","session_id":"efe64fc277a0b8d3b2208fc0227f8617","has_state":true,"cookie_quill":null,"cookie_sid":"efe64fc277a0b8d3b2208fc0227f8617"}
[2026-01-16 01:16:15] {"event":"normal-login-failed","username":"Mohamed Kamal"}
[2026-01-16 01:16:15] {"event":"ms_state_created","state_saved":"afc1d2e5a9a6b9d159357fccc84b046e","session_id":"efe64fc277a0b8d3b2208fc0227f8617","cookie_sid":"efe64fc277a0b8d3b2208fc0227f8617"}
[2026-01-16 01:16:27] {"event":"login.php load","session_id":"efe64fc277a0b8d3b2208fc0227f8617","has_state":true,"cookie_quill":null,"cookie_sid":"efe64fc277a0b8d3b2208fc0227f8617"}
[2026-01-16 01:16:27] {"event":"normal-login-success","user_id":1,"token":"fc72985292686b6e3a12cbfd8e9be580328de7b8013a7b56d214faea2c6eb62b","session_id":"1e8eac1974c0bac89b0314d8941cd8f4"}
[2026-01-16 19:27:08] {"event":"login.php load","session_id":"29d571cd095a78e8c12b2dad58dcc129","has_state":false,"cookie_quill":null,"cookie_sid":"29d571cd095a78e8c12b2dad58dcc129"}
[2026-01-16 19:27:08] {"event":"ms_state_created","state_saved":"ac9a8651cd39569bbfa3deb52979e026","session_id":"29d571cd095a78e8c12b2dad58dcc129","cookie_sid":"29d571cd095a78e8c12b2dad58dcc129"}
[2026-01-16 19:27:28] {"event":"login.php load","session_id":"29d571cd095a78e8c12b2dad58dcc129","has_state":true,"cookie_quill":null,"cookie_sid":"29d571cd095a78e8c12b2dad58dcc129"}
[2026-01-16 19:27:28] {"event":"ms_state_created","state_saved":"561a545ff979ccc77797e6384f339361","session_id":"29d571cd095a78e8c12b2dad58dcc129","cookie_sid":"29d571cd095a78e8c12b2dad58dcc129"}
[2026-01-16 19:27:39] {"event":"login.php load","session_id":"29d571cd095a78e8c12b2dad58dcc129","has_state":true,"cookie_quill":null,"cookie_sid":"29d571cd095a78e8c12b2dad58dcc129"}
[2026-01-16 19:27:39] {"event":"normal-login-success","user_id":1,"token":"c6718377d5575c4005f20c1f0ca048e19700ea6d3cc6826fc619be9804484d00","session_id":"f48eb0ccba1389e52e93ca390c4a4cc7"}
[2026-01-16 19:48:57] {"event":"login.php load","session_id":"29d571cd095a78e8c12b2dad58dcc129","has_state":false,"cookie_quill":null,"cookie_sid":"29d571cd095a78e8c12b2dad58dcc129"}
[2026-01-16 19:48:57] {"event":"ms_state_created","state_saved":"5b5e53c2cdd15171d5ac111cc9e2d078","session_id":"29d571cd095a78e8c12b2dad58dcc129","cookie_sid":"29d571cd095a78e8c12b2dad58dcc129"}
[2026-01-16 19:49:26] {"event":"login.php load","session_id":"29d571cd095a78e8c12b2dad58dcc129","has_state":true,"cookie_quill":null,"cookie_sid":"29d571cd095a78e8c12b2dad58dcc129"}
[2026-01-16 19:49:26] {"event":"ms_state_created","state_saved":"7086d5fda561aba3303c84ff801fec37","session_id":"29d571cd095a78e8c12b2dad58dcc129","cookie_sid":"29d571cd095a78e8c12b2dad58dcc129"}
[2026-01-16 19:49:40] {"event":"login.php load","session_id":"29d571cd095a78e8c12b2dad58dcc129","has_state":true,"cookie_quill":null,"cookie_sid":"29d571cd095a78e8c12b2dad58dcc129"}
[2026-01-16 19:49:40] {"event":"normal-login-success","user_id":1,"token":"b249824bd28cf4f3a825126b715bccc01171ea6fbabda365112aa6f843c909d8","session_id":"ba485a1c424b966dc07ef1e26cb219c8"}
[2026-01-16 20:05:48] {"event":"login.php load","session_id":"c48e93108cf3ae172c3672817c6f3352","has_state":false,"cookie_quill":"9fe5eef2a905596b199f7602d166e391aecd04c5a7a2e76484c4152a397dd73f","cookie_sid":"c48e93108cf3ae172c3672817c6f3352"}
[2026-01-16 20:05:48] {"event":"ms_state_created","state_saved":"148747f46c927b892e0e3362c558dd5b","session_id":"c48e93108cf3ae172c3672817c6f3352","cookie_sid":"c48e93108cf3ae172c3672817c6f3352"}
[2026-01-16 20:05:59] {"event":"login.php load","session_id":"c48e93108cf3ae172c3672817c6f3352","has_state":true,"cookie_quill":"9fe5eef2a905596b199f7602d166e391aecd04c5a7a2e76484c4152a397dd73f","cookie_sid":"c48e93108cf3ae172c3672817c6f3352"}
[2026-01-16 20:05:59] {"event":"normal-login-success","user_id":1,"token":"5cd5aa24d041238633c205a1576ca210d31a7eb8058ee8d3d06048d027107eb1","session_id":"1ac0a51927a8f41e91598170f3f55ce7"}
[2026-01-16 20:07:19] {"event":"login.php load","session_id":"29d571cd095a78e8c12b2dad58dcc129","has_state":false,"cookie_quill":null,"cookie_sid":"29d571cd095a78e8c12b2dad58dcc129"}
[2026-01-16 20:07:19] {"event":"ms_state_created","state_saved":"3f7ffd0d3ae617c8a5f30cc510053a6b","session_id":"29d571cd095a78e8c12b2dad58dcc129","cookie_sid":"29d571cd095a78e8c12b2dad58dcc129"}
[2026-01-16 20:09:46] {"event":"login.php load","session_id":"b3c80bdbd2ca5c50fcf23a3a897800cf","has_state":false,"cookie_quill":null,"cookie_sid":"b3c80bdbd2ca5c50fcf23a3a897800cf"}
[2026-01-16 20:09:46] {"event":"ms_state_created","state_saved":"6235c9dc26e4355ed373db2c5297d7e2","session_id":"b3c80bdbd2ca5c50fcf23a3a897800cf","cookie_sid":"b3c80bdbd2ca5c50fcf23a3a897800cf"}
[2026-01-16 20:09:59] {"event":"login.php load","session_id":"b3c80bdbd2ca5c50fcf23a3a897800cf","has_state":true,"cookie_quill":null,"cookie_sid":"b3c80bdbd2ca5c50fcf23a3a897800cf"}
[2026-01-16 20:09:59] {"event":"normal-login-success","user_id":1,"token":"6cb9cfd6ae8155a44746c5abdd6d24e872d0b4cf92fae6e4891e64be8c5c0e4d","session_id":"47afc087abda388412806b347cbee862"}
[2026-01-16 20:58:31] {"event":"login.php load","session_id":"b3c80bdbd2ca5c50fcf23a3a897800cf","has_state":false,"cookie_quill":null,"cookie_sid":"b3c80bdbd2ca5c50fcf23a3a897800cf"}
[2026-01-16 20:58:31] {"event":"ms_state_created","state_saved":"4b406e690e7a88ca71aeab4bad587c1e","session_id":"b3c80bdbd2ca5c50fcf23a3a897800cf","cookie_sid":"b3c80bdbd2ca5c50fcf23a3a897800cf"}
[2026-01-16 20:58:41] {"event":"login.php load","session_id":"47afc087abda388412806b347cbee862","has_state":true,"cookie_quill":null,"cookie_sid":"47afc087abda388412806b347cbee862"}
[2026-01-16 20:58:41] {"event":"normal-login-success","user_id":1,"token":"42c3548eb7a504ba68c43ba2e8b7b4d491104e25f9b1dfcb89f00c8759c8e629","session_id":"7fb7a72240503929c4dd133ded99853f"}
[2026-01-16 21:03:26] {"event":"login.php load","session_id":"ba485a1c424b966dc07ef1e26cb219c8","has_state":true,"cookie_quill":null,"cookie_sid":"ba485a1c424b966dc07ef1e26cb219c8"}
[2026-01-16 21:03:26] {"event":"ms_state_created","state_saved":"87acb2eb85c752f88c7668e12ca3a4b0","session_id":"ba485a1c424b966dc07ef1e26cb219c8","cookie_sid":"ba485a1c424b966dc07ef1e26cb219c8"}
[2026-01-16 21:36:57] {"event":"login.php load","session_id":"f8f84a269eef245df124a980b9c30463","has_state":false,"cookie_quill":null,"cookie_sid":"f8f84a269eef245df124a980b9c30463"}
[2026-01-16 21:36:57] {"event":"ms_state_created","state_saved":"5774294b4970d9c9dc839d6b9fd35cce","session_id":"f8f84a269eef245df124a980b9c30463","cookie_sid":"f8f84a269eef245df124a980b9c30463"}
[2026-01-16 21:37:08] {"event":"login.php load","session_id":"f8f84a269eef245df124a980b9c30463","has_state":true,"cookie_quill":null,"cookie_sid":"f8f84a269eef245df124a980b9c30463"}
[2026-01-16 21:37:08] {"event":"normal-login-success","user_id":1,"token":"cfb8b2f78a376f472f4096ba98c118cfeba442a024af1a895e79ca540b1bd2cb","session_id":"a0b55e847b6646edc2b93447c4597131"}
[2026-01-16 21:39:23] {"event":"login.php load","session_id":"f8f84a269eef245df124a980b9c30463","has_state":false,"cookie_quill":null,"cookie_sid":"f8f84a269eef245df124a980b9c30463"}
[2026-01-16 21:39:23] {"event":"ms_state_created","state_saved":"f4b03cf075b735073b97d4faf58f7e80","session_id":"f8f84a269eef245df124a980b9c30463","cookie_sid":"f8f84a269eef245df124a980b9c30463"}
[2026-01-16 21:39:56] {"event":"login.php load","session_id":"ba485a1c424b966dc07ef1e26cb219c8","has_state":true,"cookie_quill":null,"cookie_sid":"ba485a1c424b966dc07ef1e26cb219c8"}
[2026-01-16 21:39:56] {"event":"ms_state_created","state_saved":"06bae5b724a97bdd6e6fbf9aa438bfaf","session_id":"ba485a1c424b966dc07ef1e26cb219c8","cookie_sid":"ba485a1c424b966dc07ef1e26cb219c8"}
[2026-01-16 21:40:02] {"event":"login.php load","session_id":"ba485a1c424b966dc07ef1e26cb219c8","has_state":true,"cookie_quill":null,"cookie_sid":"ba485a1c424b966dc07ef1e26cb219c8"}
[2026-01-16 21:40:02] {"event":"normal-login-success","user_id":2,"token":"3059459824c3ee691b5bafe25833d415665cab306e1856710c23e52ee31a386b","session_id":"1a639eb63f297864e9eea9fc12cb4388"}
[2026-01-16 21:54:25] {"event":"login.php load","session_id":"42da83b54f3c043165d4cff10791160e","has_state":false,"cookie_quill":null,"cookie_sid":"42da83b54f3c043165d4cff10791160e"}
[2026-01-16 21:54:25] {"event":"ms_state_created","state_saved":"5de501b773cb4b6657f9514f30fe24f0","session_id":"42da83b54f3c043165d4cff10791160e","cookie_sid":"42da83b54f3c043165d4cff10791160e"}
[2026-01-16 21:54:35] {"event":"login.php load","session_id":"42da83b54f3c043165d4cff10791160e","has_state":true,"cookie_quill":null,"cookie_sid":"42da83b54f3c043165d4cff10791160e"}
[2026-01-16 21:54:35] {"event":"normal-login-success","user_id":1,"token":"d2e1c993d6d8f66d90258bba48119912a4402d81a0d6705b410854eafe5ead48","session_id":"9c7f1f83edb29f2bf99a714d7d171fa5"}
[2026-01-16 22:31:56] {"event":"login.php load","session_id":"ba485a1c424b966dc07ef1e26cb219c8","has_state":false,"cookie_quill":null,"cookie_sid":"ba485a1c424b966dc07ef1e26cb219c8"}
[2026-01-16 22:31:56] {"event":"ms_state_created","state_saved":"33e7dbc78d08e43af4cc985d396f7ca3","session_id":"ba485a1c424b966dc07ef1e26cb219c8","cookie_sid":"ba485a1c424b966dc07ef1e26cb219c8"}
[2026-01-16 22:39:55] {"event":"login.php load","session_id":"42da83b54f3c043165d4cff10791160e","has_state":false,"cookie_quill":null,"cookie_sid":"42da83b54f3c043165d4cff10791160e"}
[2026-01-16 22:39:55] {"event":"ms_state_created","state_saved":"55e60faeafe371d80fe2d33f0e610183","session_id":"42da83b54f3c043165d4cff10791160e","cookie_sid":"42da83b54f3c043165d4cff10791160e"}
[2026-01-16 22:40:02] {"event":"login.php load","session_id":"9c7f1f83edb29f2bf99a714d7d171fa5","has_state":true,"cookie_quill":null,"cookie_sid":"9c7f1f83edb29f2bf99a714d7d171fa5"}
[2026-01-16 22:40:02] {"event":"normal-login-success","user_id":1,"token":"6d25fc3d377255260f2ec615232fe70bfc17219a97fe475162b9b049b00c68f3","session_id":"51fd448c6d4435ca273331950c1d0e32"}
[2026-01-17 12:55:10] {"event":"login.php load","session_id":"804508cf661c672a22b3a7b6c6ce8dff","has_state":false,"cookie_quill":null,"cookie_sid":"804508cf661c672a22b3a7b6c6ce8dff"}
[2026-01-17 12:55:10] {"event":"ms_state_created","state_saved":"38b33e305ba85bc806e9643e9d40e60e","session_id":"804508cf661c672a22b3a7b6c6ce8dff","cookie_sid":"804508cf661c672a22b3a7b6c6ce8dff"}
[2026-01-17 12:55:17] {"event":"login.php load","session_id":"804508cf661c672a22b3a7b6c6ce8dff","has_state":true,"cookie_quill":null,"cookie_sid":"804508cf661c672a22b3a7b6c6ce8dff"}
[2026-01-17 12:55:17] {"event":"normal-login-success","user_id":1,"token":"7d9833cf5734d94c7e70defd5e5cf353ed652e91f76ae06d301db9f43d6800e6","session_id":"3e4c2460a0a142ef5c7951db5dd19842"}
[2026-01-17 13:40:03] {"event":"login.php load","session_id":"804508cf661c672a22b3a7b6c6ce8dff","has_state":false,"cookie_quill":null,"cookie_sid":"804508cf661c672a22b3a7b6c6ce8dff"}
[2026-01-17 13:40:03] {"event":"ms_state_created","state_saved":"4f2a429741e5a448ff51757edcdb2477","session_id":"804508cf661c672a22b3a7b6c6ce8dff","cookie_sid":"804508cf661c672a22b3a7b6c6ce8dff"}
[2026-01-17 13:40:11] {"event":"login.php load","session_id":"3e4c2460a0a142ef5c7951db5dd19842","has_state":true,"cookie_quill":null,"cookie_sid":"3e4c2460a0a142ef5c7951db5dd19842"}
[2026-01-17 13:40:11] {"event":"normal-login-success","user_id":1,"token":"9a0a3148526e14e09ba7f689f8fc357b1de7551f102fb885a0c1430cb5a4e6ed","session_id":"2b5a08c7bdf5c4beb728b840a797c615"}
[2026-01-17 13:41:33] {"event":"login.php load","session_id":"3e4c2460a0a142ef5c7951db5dd19842","has_state":false,"cookie_quill":null,"cookie_sid":"3e4c2460a0a142ef5c7951db5dd19842"}
[2026-01-17 13:41:33] {"event":"ms_state_created","state_saved":"06d348980776b1bc21123d0de860f624","session_id":"3e4c2460a0a142ef5c7951db5dd19842","cookie_sid":"3e4c2460a0a142ef5c7951db5dd19842"}
[2026-01-17 13:41:55] {"event":"login.php load","session_id":"2b5a08c7bdf5c4beb728b840a797c615","has_state":true,"cookie_quill":null,"cookie_sid":"2b5a08c7bdf5c4beb728b840a797c615"}
[2026-01-17 13:41:55] {"event":"ms_state_created","state_saved":"c5d5d88136fdd1a0a9093a6bb9deb438","session_id":"2b5a08c7bdf5c4beb728b840a797c615","cookie_sid":"2b5a08c7bdf5c4beb728b840a797c615"}
[2026-01-17 14:44:51] {"event":"login.php load","session_id":"2b5a08c7bdf5c4beb728b840a797c615","has_state":true,"cookie_quill":null,"cookie_sid":"2b5a08c7bdf5c4beb728b840a797c615"}
[2026-01-17 14:44:51] {"event":"normal-login-success","user_id":1,"token":"6917dd5142acfa8f313b83d5b6054d10201e7c916fb7ce5e2c1d79c91d90dabc","session_id":"73950c3ad6b402f1b1f90ee724749ec5"}
[2026-01-17 15:43:14] {"event":"login.php load","session_id":"1a639eb63f297864e9eea9fc12cb4388","has_state":true,"cookie_quill":null,"cookie_sid":"1a639eb63f297864e9eea9fc12cb4388"}
[2026-01-17 15:43:14] {"event":"ms_state_created","state_saved":"6342d93b1cfbfcc91eb10c98844b9451","session_id":"1a639eb63f297864e9eea9fc12cb4388","cookie_sid":"1a639eb63f297864e9eea9fc12cb4388"}
[2026-01-17 15:43:23] {"event":"login.php load","session_id":"1a639eb63f297864e9eea9fc12cb4388","has_state":true,"cookie_quill":null,"cookie_sid":"1a639eb63f297864e9eea9fc12cb4388"}
[2026-01-17 15:43:23] {"event":"ms_state_created","state_saved":"630a416f497f446f9dd662ace4891b09","session_id":"1a639eb63f297864e9eea9fc12cb4388","cookie_sid":"1a639eb63f297864e9eea9fc12cb4388"}
[2026-01-17 15:44:23] {"event":"login.php load","session_id":"2b5a08c7bdf5c4beb728b840a797c615","has_state":false,"cookie_quill":null,"cookie_sid":"2b5a08c7bdf5c4beb728b840a797c615"}
[2026-01-17 15:44:23] {"event":"ms_state_created","state_saved":"4a6f87537595b3f910ec784d89519ab1","session_id":"2b5a08c7bdf5c4beb728b840a797c615","cookie_sid":"2b5a08c7bdf5c4beb728b840a797c615"}
[2026-01-17 15:44:32] {"event":"login.php load","session_id":"73950c3ad6b402f1b1f90ee724749ec5","has_state":true,"cookie_quill":null,"cookie_sid":"73950c3ad6b402f1b1f90ee724749ec5"}
[2026-01-17 15:44:32] {"event":"normal-login-success","user_id":1,"token":"756357f2e0bd1581bf31a3a3d3cd4a3e8c7f80c8761cfedb4b7fb97e83cec088","session_id":"d42397971b218af7c0d7b3794083cea9"}
[2026-01-17 15:53:20] {"event":"login.php load","session_id":"1a639eb63f297864e9eea9fc12cb4388","has_state":true,"cookie_quill":null,"cookie_sid":"1a639eb63f297864e9eea9fc12cb4388"}
[2026-01-17 15:53:20] {"event":"ms_state_created","state_saved":"df0abadba980a574aeddd6a2775d4dcc","session_id":"1a639eb63f297864e9eea9fc12cb4388","cookie_sid":"1a639eb63f297864e9eea9fc12cb4388"}
[2026-01-17 15:53:58] {"event":"login.php load","session_id":"73950c3ad6b402f1b1f90ee724749ec5","has_state":false,"cookie_quill":null,"cookie_sid":"73950c3ad6b402f1b1f90ee724749ec5"}
[2026-01-17 15:53:58] {"event":"ms_state_created","state_saved":"60983641e6cad7814725911a84712f4f","session_id":"73950c3ad6b402f1b1f90ee724749ec5","cookie_sid":"73950c3ad6b402f1b1f90ee724749ec5"}
[2026-01-17 15:54:03] {"event":"login.php load","session_id":"d42397971b218af7c0d7b3794083cea9","has_state":true,"cookie_quill":null,"cookie_sid":"d42397971b218af7c0d7b3794083cea9"}
[2026-01-17 15:54:03] {"event":"normal-login-success","user_id":1,"token":"48d28a8f4c14159d0f79a87d8dc8e7cae5c377c28108fdc10976f6c9746bf710","session_id":"aaec068330b05c9c8d4722dafcfa9a84"}
[2026-01-17 15:55:10] {"event":"login.php load","session_id":"1a639eb63f297864e9eea9fc12cb4388","has_state":true,"cookie_quill":null,"cookie_sid":"1a639eb63f297864e9eea9fc12cb4388"}
[2026-01-17 15:55:10] {"event":"ms_state_created","state_saved":"b1d45778d12b176a94386ed0c86512ab","session_id":"1a639eb63f297864e9eea9fc12cb4388","cookie_sid":"1a639eb63f297864e9eea9fc12cb4388"}
[2026-01-17 16:03:05] {"event":"login.php load","session_id":"2f2de7f8d5d4f4522b12c4feac111a01","has_state":false,"cookie_quill":null,"cookie_sid":"2f2de7f8d5d4f4522b12c4feac111a01"}
[2026-01-17 16:03:05] {"event":"ms_state_created","state_saved":"878500864839288067d20fba954a0ef3","session_id":"2f2de7f8d5d4f4522b12c4feac111a01","cookie_sid":"2f2de7f8d5d4f4522b12c4feac111a01"}
[2026-01-17 16:09:21] {"event":"login.php load","session_id":"05ea98f80a42db68e72d2a0e476d0783","has_state":false,"cookie_quill":null,"cookie_sid":"05ea98f80a42db68e72d2a0e476d0783"}
[2026-01-17 16:09:21] {"event":"ms_state_created","state_saved":"c5e1cb432e18bc708b29cf0f6995a6fc","session_id":"05ea98f80a42db68e72d2a0e476d0783","cookie_sid":"05ea98f80a42db68e72d2a0e476d0783"}
[2026-01-17 16:09:28] {"event":"login.php load","session_id":"05ea98f80a42db68e72d2a0e476d0783","has_state":true,"cookie_quill":null,"cookie_sid":"05ea98f80a42db68e72d2a0e476d0783"}
[2026-01-17 16:09:28] {"event":"normal-login-success","user_id":1,"token":"ba4803ce428eb6d6d6325b7d4e02f22300264d1828a32d79c0274a6a2e47e4d5","session_id":"fd4f98104cbbcfe6651ee9b2123c5f43"}
[2026-01-17 16:10:00] {"event":"login.php load","session_id":"05ea98f80a42db68e72d2a0e476d0783","has_state":false,"cookie_quill":null,"cookie_sid":"05ea98f80a42db68e72d2a0e476d0783"}
[2026-01-17 16:10:00] {"event":"ms_state_created","state_saved":"67d92857a5e0971ecc25187359417ba6","session_id":"05ea98f80a42db68e72d2a0e476d0783","cookie_sid":"05ea98f80a42db68e72d2a0e476d0783"}
[2026-01-17 16:10:05] {"event":"login.php load","session_id":"fd4f98104cbbcfe6651ee9b2123c5f43","has_state":true,"cookie_quill":null,"cookie_sid":"fd4f98104cbbcfe6651ee9b2123c5f43"}
[2026-01-17 16:10:06] {"event":"normal-login-success","user_id":1,"token":"13614e9ca20c3063aeaab7380569802f2abfc078d3d79d4a5ffaa5322a2efddb","session_id":"5f790740d0fdf450b2ca4ec82f12d588"}
[2026-01-17 17:24:05] {"event":"login.php load","session_id":"bba5d3ac47c7497269f333c24fa7e7d6","has_state":false,"cookie_quill":null,"cookie_sid":"bba5d3ac47c7497269f333c24fa7e7d6"}
[2026-01-17 17:24:05] {"event":"ms_state_created","state_saved":"e7a142c7a1b67b28bd516e97cf0797eb","session_id":"bba5d3ac47c7497269f333c24fa7e7d6","cookie_sid":"bba5d3ac47c7497269f333c24fa7e7d6"}
[2026-01-17 17:25:04] {"event":"login.php load","session_id":"c40868a90e232bb82ec71d61404ea65f","has_state":false,"cookie_quill":null,"cookie_sid":"c40868a90e232bb82ec71d61404ea65f"}
[2026-01-17 17:25:04] {"event":"ms_state_created","state_saved":"97eeb45b856495df6c3ed7205a1f74de","session_id":"c40868a90e232bb82ec71d61404ea65f","cookie_sid":"c40868a90e232bb82ec71d61404ea65f"}
[2026-01-17 17:25:10] {"event":"login.php load","session_id":"c40868a90e232bb82ec71d61404ea65f","has_state":true,"cookie_quill":null,"cookie_sid":"c40868a90e232bb82ec71d61404ea65f"}
[2026-01-17 17:25:10] {"event":"normal-login-success","user_id":1,"token":"fe75c6941350dfaf5b9695ecd4ab357f7d1b290682d2256755e686a5216cc715","session_id":"8602f3b9775f81ad43ac970d123aa647"}
[2026-01-18 19:38:40] {"event":"login.php load","session_id":"88107f858d4960d5f407adb5abdaad81","has_state":false,"cookie_quill":null,"cookie_sid":"88107f858d4960d5f407adb5abdaad81"}
[2026-01-18 19:38:40] {"event":"ms_state_created","state_saved":"30f46b5c54744dfccc2d202ba27b986c","session_id":"88107f858d4960d5f407adb5abdaad81","cookie_sid":"88107f858d4960d5f407adb5abdaad81"}
[2026-01-18 19:39:01] {"event":"login.php load","session_id":"74c14cf8b1f3005b254529f7c2485373","has_state":false,"cookie_quill":null,"cookie_sid":"74c14cf8b1f3005b254529f7c2485373"}
[2026-01-18 19:39:01] {"event":"ms_state_created","state_saved":"5d0248b0a7db73a337dfba5120ea1c81","session_id":"74c14cf8b1f3005b254529f7c2485373","cookie_sid":"74c14cf8b1f3005b254529f7c2485373"}
[2026-01-18 19:39:57] {"event":"login.php load","session_id":"74c14cf8b1f3005b254529f7c2485373","has_state":true,"cookie_quill":null,"cookie_sid":"74c14cf8b1f3005b254529f7c2485373"}
[2026-01-18 19:39:57] {"event":"normal-login-success","user_id":1,"token":"1118208b472944c887a4829c3486809138bec1ceeba2f05aa383152f3f3e0332","session_id":"81a327330a6863a64c91ea8aad181aff"}
[2026-01-18 19:41:02] {"event":"login.php load","session_id":"d036d0097683804da55771f9e7ae9692","has_state":false,"cookie_quill":null,"cookie_sid":"d036d0097683804da55771f9e7ae9692"}
[2026-01-18 19:41:02] {"event":"ms_state_created","state_saved":"594154c398d9a25a8c84a40a9b2cc7f5","session_id":"d036d0097683804da55771f9e7ae9692","cookie_sid":"d036d0097683804da55771f9e7ae9692"}
[2026-01-18 19:41:21] {"event":"login.php load","session_id":"d036d0097683804da55771f9e7ae9692","has_state":true,"cookie_quill":null,"cookie_sid":"d036d0097683804da55771f9e7ae9692"}
[2026-01-18 19:41:21] {"event":"normal-login-success","user_id":2,"token":"73321d1612d9d453b4c929a5d4bad5b276d8ac63a23339ed5923bb160917eebc","session_id":"92221364899d574d9c06a8aadbcbf45d"}
[2026-01-18 21:52:24] {"event":"login.php load","session_id":"0576c6d24937da3380e5907ea623b1e8","has_state":false,"cookie_quill":null,"cookie_sid":"0576c6d24937da3380e5907ea623b1e8"}
[2026-01-18 21:52:24] {"event":"ms_state_created","state_saved":"bfc755902543cd0be2f545efec56a214","session_id":"0576c6d24937da3380e5907ea623b1e8","cookie_sid":"0576c6d24937da3380e5907ea623b1e8"}
[2026-01-18 21:52:53] {"event":"login.php load","session_id":"0576c6d24937da3380e5907ea623b1e8","has_state":true,"cookie_quill":null,"cookie_sid":"0576c6d24937da3380e5907ea623b1e8"}
[2026-01-18 21:52:53] {"event":"normal-login-failed","username":"Test User & Test User2"}
[2026-01-18 21:52:53] {"event":"ms_state_created","state_saved":"47b5719813ab336bca097549ac790c82","session_id":"0576c6d24937da3380e5907ea623b1e8","cookie_sid":"0576c6d24937da3380e5907ea623b1e8"}
[2026-01-18 21:53:24] {"event":"login.php load","session_id":"0576c6d24937da3380e5907ea623b1e8","has_state":true,"cookie_quill":null,"cookie_sid":"0576c6d24937da3380e5907ea623b1e8"}
[2026-01-18 21:53:24] {"event":"normal-login-failed","username":"Test User & Test User2"}
[2026-01-18 21:53:24] {"event":"ms_state_created","state_saved":"56a730fe28fc106ce8c7c5e5ae7aa420","session_id":"0576c6d24937da3380e5907ea623b1e8","cookie_sid":"0576c6d24937da3380e5907ea623b1e8"}
[2026-01-18 21:53:57] {"event":"login.php load","session_id":"0576c6d24937da3380e5907ea623b1e8","has_state":true,"cookie_quill":null,"cookie_sid":"0576c6d24937da3380e5907ea623b1e8"}
[2026-01-18 21:53:57] {"event":"normal-login-failed","username":"Test User & Test User2"}
[2026-01-18 21:53:57] {"event":"ms_state_created","state_saved":"06ca28534d60a7c2b028d22135be1d32","session_id":"0576c6d24937da3380e5907ea623b1e8","cookie_sid":"0576c6d24937da3380e5907ea623b1e8"}
[2026-01-18 21:54:26] {"event":"login.php load","session_id":"0576c6d24937da3380e5907ea623b1e8","has_state":true,"cookie_quill":null,"cookie_sid":"0576c6d24937da3380e5907ea623b1e8"}
[2026-01-18 21:54:26] {"event":"normal-login-failed","username":"Test User & Test User2"}
[2026-01-18 21:54:26] {"event":"ms_state_created","state_saved":"90639acad509c5491fddfb656145c2e5","session_id":"0576c6d24937da3380e5907ea623b1e8","cookie_sid":"0576c6d24937da3380e5907ea623b1e8"}
[2026-01-18 21:55:00] {"event":"login.php load","session_id":"0576c6d24937da3380e5907ea623b1e8","has_state":true,"cookie_quill":null,"cookie_sid":"0576c6d24937da3380e5907ea623b1e8"}
[2026-01-18 21:55:00] {"event":"normal-login-failed","username":"Test User & Test User2"}
[2026-01-18 21:55:00] {"event":"ms_state_created","state_saved":"6706118de105d1605b62f7d8ec5b42b1","session_id":"0576c6d24937da3380e5907ea623b1e8","cookie_sid":"0576c6d24937da3380e5907ea623b1e8"}
[2026-01-19 12:43:11] {"event":"login.php load","session_id":"cdca0b92786b51c5d744ebad75d5377f","has_state":false,"cookie_quill":null,"cookie_sid":"cdca0b92786b51c5d744ebad75d5377f"}
[2026-01-19 12:43:11] {"event":"ms_state_created","state_saved":"773d99385c16810a6c0027da17f396e0","session_id":"cdca0b92786b51c5d744ebad75d5377f","cookie_sid":"cdca0b92786b51c5d744ebad75d5377f"}
[2026-01-19 12:43:25] {"event":"login.php load","session_id":"7dc7771ff45454867b8164e4597b47ce","has_state":false,"cookie_quill":null,"cookie_sid":"7dc7771ff45454867b8164e4597b47ce"}
[2026-01-19 12:43:25] {"event":"ms_state_created","state_saved":"ea60e398b70a593cb692c9d2108fc1c5","session_id":"7dc7771ff45454867b8164e4597b47ce","cookie_sid":"7dc7771ff45454867b8164e4597b47ce"}
[2026-01-19 12:44:20] {"event":"login.php load","session_id":"cdca0b92786b51c5d744ebad75d5377f","has_state":true,"cookie_quill":null,"cookie_sid":"cdca0b92786b51c5d744ebad75d5377f"}
[2026-01-19 12:44:20] {"event":"ms_state_created","state_saved":"4a794ee0309b214f7505d7fe9de394f9","session_id":"cdca0b92786b51c5d744ebad75d5377f","cookie_sid":"cdca0b92786b51c5d744ebad75d5377f"}
[2026-01-20 17:00:19] {"event":"login.php load","session_id":"cdca0b92786b51c5d744ebad75d5377f","has_state":true,"cookie_quill":null,"cookie_sid":"cdca0b92786b51c5d744ebad75d5377f"}
[2026-01-20 17:00:19] {"event":"ms_state_created","state_saved":"2bd406892ad805744b6c7f3b144a50c3","session_id":"cdca0b92786b51c5d744ebad75d5377f","cookie_sid":"cdca0b92786b51c5d744ebad75d5377f"}
[2026-01-21 11:04:50] {"event":"login.php load","session_id":"cdca0b92786b51c5d744ebad75d5377f","has_state":true,"cookie_quill":null,"cookie_sid":"cdca0b92786b51c5d744ebad75d5377f"}
[2026-01-21 11:04:50] {"event":"ms_state_created","state_saved":"58ea4f9a153fb0c2617e6fa56c225d65","session_id":"cdca0b92786b51c5d744ebad75d5377f","cookie_sid":"cdca0b92786b51c5d744ebad75d5377f"}
[2026-01-22 01:18:16] {"event":"login.php load","session_id":"5176dfdbd2834073e4b122012487f298","has_state":true,"cookie_quill":null,"cookie_sid":"5176dfdbd2834073e4b122012487f298"}
[2026-01-22 01:18:16] {"event":"ms_state_created","state_saved":"1246f4207630710d5137ee540808ca4c","session_id":"5176dfdbd2834073e4b122012487f298","cookie_sid":"5176dfdbd2834073e4b122012487f298"}
[2026-01-22 01:18:23] {"event":"login.php load","session_id":"5176dfdbd2834073e4b122012487f298","has_state":true,"cookie_quill":null,"cookie_sid":"5176dfdbd2834073e4b122012487f298"}
[2026-01-22 01:18:23] {"event":"normal-login-failed","username":"Hshs"}
[2026-01-22 01:18:23] {"event":"ms_state_created","state_saved":"3272868b6c1813d2399f871e842c8df5","session_id":"5176dfdbd2834073e4b122012487f298","cookie_sid":"5176dfdbd2834073e4b122012487f298"}
[2026-01-22 01:18:25] {"event":"login.php load","session_id":"5176dfdbd2834073e4b122012487f298","has_state":true,"cookie_quill":null,"cookie_sid":"5176dfdbd2834073e4b122012487f298"}
[2026-01-22 01:18:25] {"event":"ms_state_created","state_saved":"d68e62edec151e4b5f350ce298d5286a","session_id":"5176dfdbd2834073e4b122012487f298","cookie_sid":"5176dfdbd2834073e4b122012487f298"}
[2026-01-23 17:38:03] {"event":"login.php load","session_id":"cdca0b92786b51c5d744ebad75d5377f","has_state":true,"cookie_quill":null,"cookie_sid":"cdca0b92786b51c5d744ebad75d5377f"}
[2026-01-23 17:38:03] {"event":"ms_state_created","state_saved":"3e333d86425be49af171951638a4604c","session_id":"cdca0b92786b51c5d744ebad75d5377f","cookie_sid":"cdca0b92786b51c5d744ebad75d5377f"}
[2026-01-23 17:38:12] {"event":"login.php load","session_id":"73a276cdcb9ce31fc9873d70312d19a5","has_state":false,"cookie_quill":null,"cookie_sid":null}
[2026-01-23 17:38:12] {"event":"ms_state_created","state_saved":"4adac0a6b7b3f57873169d809d0f1cba","session_id":"73a276cdcb9ce31fc9873d70312d19a5","cookie_sid":null}
[2026-01-23 17:38:40] {"event":"login.php load","session_id":"29ca4d201cc0c58cc8a008a59a3e1e9e","has_state":false,"cookie_quill":null,"cookie_sid":null}
[2026-01-23 17:38:40] {"event":"ms_state_created","state_saved":"ecbfd5482301756e26d828afa32c7374","session_id":"29ca4d201cc0c58cc8a008a59a3e1e9e","cookie_sid":null}
[2026-01-23 19:59:50] {"event":"login.php load","session_id":"cdca0b92786b51c5d744ebad75d5377f","has_state":true,"cookie_quill":null,"cookie_sid":"cdca0b92786b51c5d744ebad75d5377f"}
[2026-01-23 19:59:50] {"event":"ms_state_created","state_saved":"781363a930350ca47cf94c5b14062ca0","session_id":"cdca0b92786b51c5d744ebad75d5377f","cookie_sid":"cdca0b92786b51c5d744ebad75d5377f"}
[2026-01-23 20:00:32] {"event":"login.php load","session_id":"cdca0b92786b51c5d744ebad75d5377f","has_state":true,"cookie_quill":null,"cookie_sid":"cdca0b92786b51c5d744ebad75d5377f"}
[2026-01-23 20:00:32] {"event":"ms_state_created","state_saved":"d150a4f1ea67943ff454c430ba927305","session_id":"cdca0b92786b51c5d744ebad75d5377f","cookie_sid":"cdca0b92786b51c5d744ebad75d5377f"}
[2026-01-24 14:09:05] {"event":"login.php load","session_id":"cdca0b92786b51c5d744ebad75d5377f","has_state":true,"cookie_quill":null,"cookie_sid":"cdca0b92786b51c5d744ebad75d5377f"}
[2026-01-24 14:09:05] {"event":"ms_state_created","state_saved":"ebf3d7b515f0ad515a742e4feb61aca2","session_id":"cdca0b92786b51c5d744ebad75d5377f","cookie_sid":"cdca0b92786b51c5d744ebad75d5377f"}
[2026-01-24 19:33:26] {"event":"login.php load","session_id":"4704c6c562c4000758254e8c4cb3be87","has_state":false,"cookie_quill":null,"cookie_sid":"4704c6c562c4000758254e8c4cb3be87"}
[2026-01-24 19:33:26] {"event":"ms_state_created","state_saved":"1b9690259de709e446f64b6d24b1d6d4","session_id":"4704c6c562c4000758254e8c4cb3be87","cookie_sid":"4704c6c562c4000758254e8c4cb3be87"}
[2026-01-24 22:21:24] {"event":"login.php load","session_id":"cdca0b92786b51c5d744ebad75d5377f","has_state":false,"cookie_quill":null,"cookie_sid":"cdca0b92786b51c5d744ebad75d5377f"}
[2026-01-24 22:21:24] {"event":"ms_state_created","state_saved":"9428e635bb1349e72bc37545a2a3f836","session_id":"cdca0b92786b51c5d744ebad75d5377f","cookie_sid":"cdca0b92786b51c5d744ebad75d5377f"}
[2026-01-24 22:27:02] {"event":"login.php load","session_id":"1367dea8e13ee1c66ccecc23f11a4098","has_state":false,"cookie_quill":null,"cookie_sid":"1367dea8e13ee1c66ccecc23f11a4098"}
[2026-01-24 22:27:02] {"event":"ms_state_created","state_saved":"de0db0a5df59cba6191c0f91db0b232c","session_id":"1367dea8e13ee1c66ccecc23f11a4098","cookie_sid":"1367dea8e13ee1c66ccecc23f11a4098"}
[2026-01-24 22:27:13] {"event":"login.php load","session_id":"1367dea8e13ee1c66ccecc23f11a4098","has_state":true,"cookie_quill":null,"cookie_sid":"1367dea8e13ee1c66ccecc23f11a4098"}
[2026-01-24 22:27:13] {"event":"normal-login-success","user_id":1,"token":"d46cb6e5d4c04800d1757730f663e2169f1ea9cfdb5fa487307c5c6c2cfce6c4","session_id":"1367dea8e13ee1c66ccecc23f11a4098"}
[2026-01-24 22:34:14] {"event":"login.php load","session_id":"a6a6e99dd7d448e8ab6c41c9dff120d4","has_state":false,"cookie_quill":null,"cookie_sid":null}
[2026-01-24 22:34:14] {"event":"ms_state_created","state_saved":"8adda1182611696abd7ca0bc4f674d51","session_id":"a6a6e99dd7d448e8ab6c41c9dff120d4","cookie_sid":null}
[2026-01-24 22:34:23] {"event":"login.php load","session_id":"a6a6e99dd7d448e8ab6c41c9dff120d4","has_state":true,"cookie_quill":null,"cookie_sid":"a6a6e99dd7d448e8ab6c41c9dff120d4"}
[2026-01-24 22:34:23] {"event":"normal-login-success","user_id":1,"token":"e132b95ca002458d1963c65143f1d7dfff4fc5ce0bd9c447b5f91a0b6ef0dbbb","session_id":"1eed1eaa6492c6fbab844fd6bea2b4a9"}
[2026-01-24 22:38:37] {"event":"login.php load","session_id":"cdca0b92786b51c5d744ebad75d5377f","has_state":true,"cookie_quill":null,"cookie_sid":"cdca0b92786b51c5d744ebad75d5377f"}
[2026-01-24 22:38:37] {"event":"ms_state_created","state_saved":"d1a4702001b8d043f1ead6fe566198ee","session_id":"cdca0b92786b51c5d744ebad75d5377f","cookie_sid":"cdca0b92786b51c5d744ebad75d5377f"}
[2026-01-24 23:23:05] {"event":"login.php load","session_id":"a6a6e99dd7d448e8ab6c41c9dff120d4","has_state":false,"cookie_quill":null,"cookie_sid":"a6a6e99dd7d448e8ab6c41c9dff120d4"}
[2026-01-24 23:23:05] {"event":"ms_state_created","state_saved":"b43df68980e66a1166f81319f4287faf","session_id":"a6a6e99dd7d448e8ab6c41c9dff120d4","cookie_sid":"a6a6e99dd7d448e8ab6c41c9dff120d4"}
[2026-01-24 23:23:18] {"event":"login.php load","session_id":"a6a6e99dd7d448e8ab6c41c9dff120d4","has_state":true,"cookie_quill":null,"cookie_sid":"a6a6e99dd7d448e8ab6c41c9dff120d4"}
[2026-01-24 23:23:18] {"event":"ms_state_created","state_saved":"095cf1401905dee908776c2fd53ea74e","session_id":"a6a6e99dd7d448e8ab6c41c9dff120d4","cookie_sid":"a6a6e99dd7d448e8ab6c41c9dff120d4"}
[2026-01-24 23:23:26] {"event":"login.php load","session_id":"a6a6e99dd7d448e8ab6c41c9dff120d4","has_state":true,"cookie_quill":null,"cookie_sid":"a6a6e99dd7d448e8ab6c41c9dff120d4"}
[2026-01-24 23:23:26] {"event":"normal-login-success","user_id":1,"token":"4ebeed052bffdb81493213653da498d37dd222c9dac14b76d0aeaf27f4122b67","session_id":"3e7f6d8da665fe1b75dea54c635c9196"}
[2026-01-24 23:51:36] {"event":"login.php load","session_id":"610505983d1a25dd0dbf09433dd23894","has_state":false,"cookie_quill":null,"cookie_sid":"610505983d1a25dd0dbf09433dd23894"}
[2026-01-24 23:51:36] {"event":"ms_state_created","state_saved":"3f7ff89b9749e9063aee4674148cde21","session_id":"610505983d1a25dd0dbf09433dd23894","cookie_sid":"610505983d1a25dd0dbf09433dd23894"}
[2026-01-26 21:34:21] {"event":"login.php load","session_id":"388acb68d9d717c08146d8daaf4a4474","has_state":false,"cookie_quill":null,"cookie_sid":"388acb68d9d717c08146d8daaf4a4474"}
[2026-01-26 21:34:21] {"event":"ms_state_created","state_saved":"ac5b5ff7953bb4f0537f9e8e38c44130","session_id":"388acb68d9d717c08146d8daaf4a4474","cookie_sid":"388acb68d9d717c08146d8daaf4a4474"}
[2026-01-26 21:34:33] {"event":"login.php load","session_id":"388acb68d9d717c08146d8daaf4a4474","has_state":true,"cookie_quill":null,"cookie_sid":"388acb68d9d717c08146d8daaf4a4474"}
[2026-01-26 21:34:33] {"event":"ms_state_created","state_saved":"423be8002c40d2fad79556fd0e3485e8","session_id":"388acb68d9d717c08146d8daaf4a4474","cookie_sid":"388acb68d9d717c08146d8daaf4a4474"}
[2026-01-26 21:34:41] {"event":"login.php load","session_id":"388acb68d9d717c08146d8daaf4a4474","has_state":true,"cookie_quill":null,"cookie_sid":"388acb68d9d717c08146d8daaf4a4474"}
[2026-01-26 21:34:41] {"event":"normal-login-success","user_id":1,"token":"0d09262848dc27c8ed79eddddec805ac5ba542b6a7255fefa13e3b77c8d90b25","session_id":"1ea5e8333c130c96ad428b18da2601f1"}
[2026-01-26 21:34:44] {"event":"login.php load","session_id":"5a668746fa288bd91f5ed96a192e8ece","has_state":false,"cookie_quill":null,"cookie_sid":null}
[2026-01-26 21:34:44] {"event":"ms_state_created","state_saved":"1b25a5ded7442c787deef4a2a8771c83","session_id":"5a668746fa288bd91f5ed96a192e8ece","cookie_sid":null}
[2026-01-26 21:35:19] {"event":"login.php load","session_id":"1741242fb9ae95582eb416551631ed6d","has_state":false,"cookie_quill":null,"cookie_sid":null}
[2026-01-26 21:35:19] {"event":"ms_state_created","state_saved":"695daed60b29a1b7ded18d75cabdb2f0","session_id":"1741242fb9ae95582eb416551631ed6d","cookie_sid":null}
[2026-01-26 21:39:12] {"event":"login.php load","session_id":"610505983d1a25dd0dbf09433dd23894","has_state":true,"cookie_quill":null,"cookie_sid":"610505983d1a25dd0dbf09433dd23894"}
[2026-01-26 21:39:12] {"event":"ms_state_created","state_saved":"3a8d77388921089355ac8c5fd2c618a1","session_id":"610505983d1a25dd0dbf09433dd23894","cookie_sid":"610505983d1a25dd0dbf09433dd23894"}
[2026-01-26 22:10:49] {"event":"login.php load","session_id":"35a3095307cde7f6b42c24e7fd052ef4","has_state":false,"cookie_quill":null,"cookie_sid":"35a3095307cde7f6b42c24e7fd052ef4"}
[2026-01-26 22:10:49] {"event":"ms_state_created","state_saved":"eede48e2fdfd739f99732f6e36233b2a","session_id":"35a3095307cde7f6b42c24e7fd052ef4","cookie_sid":"35a3095307cde7f6b42c24e7fd052ef4"}
[2026-01-29 13:12:53] {"event":"login.php load","session_id":"e19cfc6e8543808b35dfeedc14431962","has_state":false,"cookie_quill":null,"cookie_sid":"e19cfc6e8543808b35dfeedc14431962"}
[2026-01-29 13:12:53] {"event":"ms_state_created","state_saved":"8fd27a52d04a979ce288365e68cd0e8a","session_id":"e19cfc6e8543808b35dfeedc14431962","cookie_sid":"e19cfc6e8543808b35dfeedc14431962"}
[2026-01-29 13:12:58] {"event":"login.php load","session_id":"e19cfc6e8543808b35dfeedc14431962","has_state":true,"cookie_quill":null,"cookie_sid":"e19cfc6e8543808b35dfeedc14431962"}
[2026-01-29 13:12:58] {"event":"ms_state_created","state_saved":"0aaa2c53a28473c4cfcc5a7bbd8f2e5f","session_id":"e19cfc6e8543808b35dfeedc14431962","cookie_sid":"e19cfc6e8543808b35dfeedc14431962"}
[2026-01-29 13:16:17] {"event":"login.php load","session_id":"e19cfc6e8543808b35dfeedc14431962","has_state":true,"cookie_quill":null,"cookie_sid":"e19cfc6e8543808b35dfeedc14431962"}
[2026-01-29 13:16:17] {"event":"ms_state_created","state_saved":"3dc7965e44ae6228268abfd38daa2113","session_id":"e19cfc6e8543808b35dfeedc14431962","cookie_sid":"e19cfc6e8543808b35dfeedc14431962"}
[2026-01-29 13:19:49] {"event":"login.php load","session_id":"50ca7b23bea2c91ae43864b0885203ba","has_state":false,"cookie_quill":null,"cookie_sid":"50ca7b23bea2c91ae43864b0885203ba"}
[2026-01-29 13:19:49] {"event":"ms_state_created","state_saved":"d9685951e0dab1824ce913ebd196f9d2","session_id":"50ca7b23bea2c91ae43864b0885203ba","cookie_sid":"50ca7b23bea2c91ae43864b0885203ba"}
[2026-01-29 13:19:53] {"event":"login.php load","session_id":"50ca7b23bea2c91ae43864b0885203ba","has_state":true,"cookie_quill":null,"cookie_sid":"50ca7b23bea2c91ae43864b0885203ba"}
[2026-01-29 13:19:53] {"event":"ms_state_created","state_saved":"8982b977e6f6ff503287e4124dc733e9","session_id":"50ca7b23bea2c91ae43864b0885203ba","cookie_sid":"50ca7b23bea2c91ae43864b0885203ba"}
[2026-01-29 13:20:00] {"event":"login.php load","session_id":"50ca7b23bea2c91ae43864b0885203ba","has_state":true,"cookie_quill":null,"cookie_sid":"50ca7b23bea2c91ae43864b0885203ba"}
[2026-01-29 13:20:00] {"event":"normal-login-success","user_id":1,"token":"ff80d5198624b683d85973ec20bc34f04fcca94abd5a7932395cb627356c2972","session_id":"21cf240c770e2e5311e68c1785d01394"}
[2026-01-29 15:17:24] {"event":"login.php load","session_id":"e19cfc6e8543808b35dfeedc14431962","has_state":false,"cookie_quill":null,"cookie_sid":"e19cfc6e8543808b35dfeedc14431962"}
[2026-01-29 15:17:24] {"event":"ms_state_created","state_saved":"ad3e5ed785933695241474e6d638a98e","session_id":"e19cfc6e8543808b35dfeedc14431962","cookie_sid":"e19cfc6e8543808b35dfeedc14431962"}
[2026-01-29 15:17:41] {"event":"login.php load","session_id":"50ca7b23bea2c91ae43864b0885203ba","has_state":false,"cookie_quill":null,"cookie_sid":"50ca7b23bea2c91ae43864b0885203ba"}
[2026-01-29 15:17:41] {"event":"ms_state_created","state_saved":"46ca23667776302f6e083e12cafec67c","session_id":"50ca7b23bea2c91ae43864b0885203ba","cookie_sid":"50ca7b23bea2c91ae43864b0885203ba"}
[2026-01-29 15:17:45] {"event":"login.php load","session_id":"21cf240c770e2e5311e68c1785d01394","has_state":true,"cookie_quill":null,"cookie_sid":"21cf240c770e2e5311e68c1785d01394"}
[2026-01-29 15:17:45] {"event":"ms_state_created","state_saved":"57da573f5242d58252cba655a02ff72d","session_id":"21cf240c770e2e5311e68c1785d01394","cookie_sid":"21cf240c770e2e5311e68c1785d01394"}
[2026-01-29 15:17:56] {"event":"login.php load","session_id":"21cf240c770e2e5311e68c1785d01394","has_state":true,"cookie_quill":null,"cookie_sid":"21cf240c770e2e5311e68c1785d01394"}
[2026-01-29 15:17:56] {"event":"normal-login-success","user_id":1,"token":"e964796b27f48c83b177002388d4cb053872e931bf35d7b43ebea8dc7739bdbe","session_id":"27fb20cd44560d69c7388edac2318bd3"}
[2026-01-29 15:18:44] {"event":"login.php load","session_id":"21cf240c770e2e5311e68c1785d01394","has_state":false,"cookie_quill":null,"cookie_sid":"21cf240c770e2e5311e68c1785d01394"}
[2026-01-29 15:18:44] {"event":"ms_state_created","state_saved":"a99f4e1622201946cfc284bc06fefe8e","session_id":"21cf240c770e2e5311e68c1785d01394","cookie_sid":"21cf240c770e2e5311e68c1785d01394"}
[2026-01-29 15:18:50] {"event":"login.php load","session_id":"27fb20cd44560d69c7388edac2318bd3","has_state":true,"cookie_quill":null,"cookie_sid":"27fb20cd44560d69c7388edac2318bd3"}
[2026-01-29 15:18:50] {"event":"normal-login-success","user_id":1,"token":"700d98e7e2501ed000a26ad9bc6a9b9f31f235608d84feb41d24d40becc2d77a","session_id":"be2f785aca7b6c6154fa7c9bb5528e2a"}
[2026-01-30 01:56:50] {"event":"login.php load","session_id":"8696ff568297e268f5afd01cbbdea85f","has_state":false,"cookie_quill":null,"cookie_sid":null}
[2026-01-30 01:56:50] {"event":"ms_state_created","state_saved":"38bc1470cc98beb7fe46a43e1eba4dba","session_id":"8696ff568297e268f5afd01cbbdea85f","cookie_sid":null}
[2026-01-30 13:37:31] {"event":"login.php load","session_id":"08d5ba601cf8b95d5c428fe505a24b5b","has_state":false,"cookie_quill":null,"cookie_sid":"08d5ba601cf8b95d5c428fe505a24b5b"}
[2026-01-30 13:37:31] {"event":"ms_state_created","state_saved":"6e4c1481b3fe5c41b113be39c2624135","session_id":"08d5ba601cf8b95d5c428fe505a24b5b","cookie_sid":"08d5ba601cf8b95d5c428fe505a24b5b"}
[2026-01-30 13:37:34] {"event":"login.php load","session_id":"08d5ba601cf8b95d5c428fe505a24b5b","has_state":true,"cookie_quill":null,"cookie_sid":"08d5ba601cf8b95d5c428fe505a24b5b"}
[2026-01-30 13:37:34] {"event":"ms_state_created","state_saved":"a0cd8bd121b9bbd295899d24f76327a4","session_id":"08d5ba601cf8b95d5c428fe505a24b5b","cookie_sid":"08d5ba601cf8b95d5c428fe505a24b5b"}
[2026-01-30 13:37:37] {"event":"login.php load","session_id":"08d5ba601cf8b95d5c428fe505a24b5b","has_state":true,"cookie_quill":null,"cookie_sid":"08d5ba601cf8b95d5c428fe505a24b5b"}
[2026-01-30 13:37:37] {"event":"ms_state_created","state_saved":"92661a18ce3e68a22e716f396742df5c","session_id":"08d5ba601cf8b95d5c428fe505a24b5b","cookie_sid":"08d5ba601cf8b95d5c428fe505a24b5b"}
[2026-01-30 13:37:45] {"event":"login.php load","session_id":"08d5ba601cf8b95d5c428fe505a24b5b","has_state":true,"cookie_quill":null,"cookie_sid":"08d5ba601cf8b95d5c428fe505a24b5b"}
[2026-01-30 13:37:45] {"event":"normal-login-success","user_id":1,"token":"7e69c67ed2cedc25415ca9755c0a07a0c5d0a3264bfdcb3aac7da62deef0ef2f","session_id":"c43a3d22024542d0b5c877bee8390d67"}
[2026-01-30 13:37:48] {"event":"login.php load","session_id":"6e371cd8d5db2e66db78bb69149248b1","has_state":false,"cookie_quill":null,"cookie_sid":null}
[2026-01-30 13:37:48] {"event":"ms_state_created","state_saved":"7cd26acdfb5bbfb6579c9983fe628ab4","session_id":"6e371cd8d5db2e66db78bb69149248b1","cookie_sid":null}
[2026-01-30 13:38:20] {"event":"login.php load","session_id":"16e5accf7d4d36299f138bad7d7f9521","has_state":false,"cookie_quill":null,"cookie_sid":"16e5accf7d4d36299f138bad7d7f9521"}
[2026-01-30 13:38:20] {"event":"ms_state_created","state_saved":"4ccecdd08213f07931dbc44a6ca28740","session_id":"16e5accf7d4d36299f138bad7d7f9521","cookie_sid":"16e5accf7d4d36299f138bad7d7f9521"}
[2026-01-30 13:38:30] {"event":"login.php load","session_id":"2f8a2ec25655fb05fdeb324e3fd1dadc","has_state":false,"cookie_quill":null,"cookie_sid":null}
[2026-01-30 13:38:30] {"event":"ms_state_created","state_saved":"6e56e78d192cb4d8e8000e2ebd4894b2","session_id":"2f8a2ec25655fb05fdeb324e3fd1dadc","cookie_sid":null}
[2026-01-30 15:23:27] {"event":"login.php load","session_id":"e19cfc6e8543808b35dfeedc14431962","has_state":true,"cookie_quill":null,"cookie_sid":"e19cfc6e8543808b35dfeedc14431962"}
[2026-01-30 15:23:27] {"event":"ms_state_created","state_saved":"bd5e95aaa834f9fa7972be4f8c3d2e72","session_id":"e19cfc6e8543808b35dfeedc14431962","cookie_sid":"e19cfc6e8543808b35dfeedc14431962"}
[2026-01-30 15:23:44] {"event":"login.php load","session_id":"e19cfc6e8543808b35dfeedc14431962","has_state":true,"cookie_quill":null,"cookie_sid":"e19cfc6e8543808b35dfeedc14431962"}
[2026-01-30 15:23:44] {"event":"normal-login-success","user_id":1,"token":"b7bbf9f802bcc3a585bde2b52a1f2cfc0629e59fdabd658851fee0679bac38f3","session_id":"90f5f149f805272d15aabf79894cfa77"}
[2026-01-30 17:27:18] {"event":"login.php load","session_id":"e19cfc6e8543808b35dfeedc14431962","has_state":false,"cookie_quill":null,"cookie_sid":"e19cfc6e8543808b35dfeedc14431962"}
[2026-01-30 17:27:18] {"event":"ms_state_created","state_saved":"8180bcde7be33afc573a20e7d0a1aff3","session_id":"e19cfc6e8543808b35dfeedc14431962","cookie_sid":"e19cfc6e8543808b35dfeedc14431962"}
[2026-01-30 17:27:33] {"event":"login.php load","session_id":"90f5f149f805272d15aabf79894cfa77","has_state":true,"cookie_quill":null,"cookie_sid":"90f5f149f805272d15aabf79894cfa77"}
[2026-01-30 17:27:33] {"event":"ms_state_created","state_saved":"25fbbd7f14121f7011cb22725a53b3d1","session_id":"90f5f149f805272d15aabf79894cfa77","cookie_sid":"90f5f149f805272d15aabf79894cfa77"}
[2026-01-30 17:27:46] {"event":"login.php load","session_id":"90f5f149f805272d15aabf79894cfa77","has_state":true,"cookie_quill":null,"cookie_sid":"90f5f149f805272d15aabf79894cfa77"}
[2026-01-30 17:27:46] {"event":"normal-login-success","user_id":1,"token":"5c2249c9050a80aeaeb75faf55bd8b50485e8c128aa29f47d58f15786ae08e1c","session_id":"fb0f1d7be5a841be71afb8e038534a53"}
[2026-01-30 17:39:44] {"event":"login.php load","session_id":"a02011917d2c222d07f2f1fe34704182","has_state":false,"cookie_quill":null,"cookie_sid":null}
[2026-01-30 17:39:44] {"event":"ms_state_created","state_saved":"485d6fbafa1c32ea1b97c7fcc285114e","session_id":"a02011917d2c222d07f2f1fe34704182","cookie_sid":null}
[2026-01-30 17:39:54] {"event":"login.php load","session_id":"a02011917d2c222d07f2f1fe34704182","has_state":true,"cookie_quill":null,"cookie_sid":"a02011917d2c222d07f2f1fe34704182"}
[2026-01-30 17:39:54] {"event":"normal-login-success","user_id":1,"token":"7db82f77fd5e063177591b7e7910f316fd73b13b8b76434f8cd2eec196eee923","session_id":"bc429f0311cbe1fb50d7973928946c43"}
[2026-01-30 17:40:49] {"event":"login.php load","session_id":"a02011917d2c222d07f2f1fe34704182","has_state":false,"cookie_quill":null,"cookie_sid":"a02011917d2c222d07f2f1fe34704182"}
[2026-01-30 17:40:49] {"event":"ms_state_created","state_saved":"7893c8c7f1da5398c978e72198266699","session_id":"a02011917d2c222d07f2f1fe34704182","cookie_sid":"a02011917d2c222d07f2f1fe34704182"}
[2026-01-30 17:40:59] {"event":"login.php load","session_id":"a02011917d2c222d07f2f1fe34704182","has_state":true,"cookie_quill":null,"cookie_sid":"a02011917d2c222d07f2f1fe34704182"}
[2026-01-30 17:40:59] {"event":"normal-login-success","user_id":1,"token":"bd77d33080c81ab1dc91607addc4941a7735236ad68315e726005841e60af60c","session_id":"23d346034c19fbb3791be2bd1e8ad204"}
[2026-01-30 17:42:08] {"event":"login.php load","session_id":"1367dea8e13ee1c66ccecc23f11a4098","has_state":false,"cookie_quill":null,"cookie_sid":"1367dea8e13ee1c66ccecc23f11a4098"}
[2026-01-30 17:42:08] {"event":"ms_state_created","state_saved":"613ced82b6a4e2625c0d9d3f6a282516","session_id":"1367dea8e13ee1c66ccecc23f11a4098","cookie_sid":"1367dea8e13ee1c66ccecc23f11a4098"}
[2026-01-30 17:42:24] {"event":"login.php load","session_id":"1367dea8e13ee1c66ccecc23f11a4098","has_state":true,"cookie_quill":null,"cookie_sid":"1367dea8e13ee1c66ccecc23f11a4098"}
[2026-01-30 17:42:24] {"event":"normal-login-success","user_id":1,"token":"352c77b3e6bcf5eebd674162d4d89c88e4a6e425b01e32543ee3fc3621189450","session_id":"b694109537d071ebf5bd8ee0b3890694"}
[2026-01-30 18:08:08] {"event":"login.php load","session_id":"90f5f149f805272d15aabf79894cfa77","has_state":false,"cookie_quill":null,"cookie_sid":"90f5f149f805272d15aabf79894cfa77"}
[2026-01-30 18:08:08] {"event":"ms_state_created","state_saved":"19499448a81b63044212d885948fae54","session_id":"90f5f149f805272d15aabf79894cfa77","cookie_sid":"90f5f149f805272d15aabf79894cfa77"}
[2026-01-30 18:08:15] {"event":"login.php load","session_id":"fb0f1d7be5a841be71afb8e038534a53","has_state":true,"cookie_quill":null,"cookie_sid":"fb0f1d7be5a841be71afb8e038534a53"}
[2026-01-30 18:08:15] {"event":"normal-login-success","user_id":1,"token":"61d8163413227c9070b939c1358b31d55528e4c849a7d9bb5b26419fe9264160","session_id":"32ed6659570d9ca9d9dda792dab007ab"}
[2026-01-30 19:02:24] {"event":"login.php load","session_id":"fb0f1d7be5a841be71afb8e038534a53","has_state":false,"cookie_quill":null,"cookie_sid":"fb0f1d7be5a841be71afb8e038534a53"}
[2026-01-30 19:02:24] {"event":"ms_state_created","state_saved":"da3f2661f554ee56e0c0ca87de2fd94d","session_id":"fb0f1d7be5a841be71afb8e038534a53","cookie_sid":"fb0f1d7be5a841be71afb8e038534a53"}
[2026-01-30 19:02:32] {"event":"login.php load","session_id":"32ed6659570d9ca9d9dda792dab007ab","has_state":true,"cookie_quill":null,"cookie_sid":"32ed6659570d9ca9d9dda792dab007ab"}
[2026-01-30 19:02:33] {"event":"normal-login-success","user_id":1,"token":"d2a49fa1d3bdcc8a8b8bbf2dbe0d12d6367d8bee9d67f5349e980df20d018a0a","session_id":"7dcf928a1d76952f68787248cf5c7786"}
[2026-01-30 19:40:49] {"event":"login.php load","session_id":"32ed6659570d9ca9d9dda792dab007ab","has_state":false,"cookie_quill":null,"cookie_sid":"32ed6659570d9ca9d9dda792dab007ab"}
[2026-01-30 19:40:49] {"event":"ms_state_created","state_saved":"f5270a5cb3c1936cf37347f31070b062","session_id":"32ed6659570d9ca9d9dda792dab007ab","cookie_sid":"32ed6659570d9ca9d9dda792dab007ab"}
[2026-01-30 19:43:14] {"event":"login.php load","session_id":"27ddac336409ecff3749e48b0f9c807f","has_state":false,"cookie_quill":null,"cookie_sid":"27ddac336409ecff3749e48b0f9c807f"}
[2026-01-30 19:43:14] {"event":"ms_state_created","state_saved":"5e27448b11c26dffbc45669388f84127","session_id":"27ddac336409ecff3749e48b0f9c807f","cookie_sid":"27ddac336409ecff3749e48b0f9c807f"}
[2026-01-30 19:43:23] {"event":"login.php load","session_id":"27ddac336409ecff3749e48b0f9c807f","has_state":true,"cookie_quill":null,"cookie_sid":"27ddac336409ecff3749e48b0f9c807f"}
[2026-01-30 19:43:23] {"event":"normal-login-success","user_id":1,"token":"006778cb044472b75d647ac9c3397683c399b5e8f5d11528c88caaed148dab28","session_id":"058c861bec1c14bdf860a7f0aa56066f"}
[2026-01-30 19:43:42] {"event":"login.php load","session_id":"7dcf928a1d76952f68787248cf5c7786","has_state":true,"cookie_quill":null,"cookie_sid":"7dcf928a1d76952f68787248cf5c7786"}
[2026-01-30 19:43:42] {"event":"ms_state_created","state_saved":"b816a672252b5c1b0894d75942bf6129","session_id":"7dcf928a1d76952f68787248cf5c7786","cookie_sid":"7dcf928a1d76952f68787248cf5c7786"}
[2026-01-30 19:43:51] {"event":"login.php load","session_id":"7dcf928a1d76952f68787248cf5c7786","has_state":true,"cookie_quill":null,"cookie_sid":"7dcf928a1d76952f68787248cf5c7786"}
[2026-01-30 19:43:51] {"event":"normal-login-success","user_id":1,"token":"39bf249a8fc604b4394b88dd962277aaa7214b7112c7b105caf8fad0bad5bb0d","session_id":"ab5e1a361f919edfa2ab11c9d9775d37"}
[2026-01-30 19:43:55] {"event":"login.php load","session_id":"7dcf928a1d76952f68787248cf5c7786","has_state":false,"cookie_quill":null,"cookie_sid":"7dcf928a1d76952f68787248cf5c7786"}
[2026-01-30 19:43:55] {"event":"ms_state_created","state_saved":"f5a06f4af29f2afd1641616196eace7d","session_id":"7dcf928a1d76952f68787248cf5c7786","cookie_sid":"7dcf928a1d76952f68787248cf5c7786"}
[2026-01-30 20:19:27] {"event":"login.php load","session_id":"7dcf928a1d76952f68787248cf5c7786","has_state":true,"cookie_quill":null,"cookie_sid":"7dcf928a1d76952f68787248cf5c7786"}
[2026-01-30 20:19:27] {"event":"ms_state_created","state_saved":"c4b0bbab0104453b42affad950ffdf1c","session_id":"7dcf928a1d76952f68787248cf5c7786","cookie_sid":"7dcf928a1d76952f68787248cf5c7786"}
[2026-01-30 20:19:33] {"event":"login.php load","session_id":"7dcf928a1d76952f68787248cf5c7786","has_state":true,"cookie_quill":null,"cookie_sid":"7dcf928a1d76952f68787248cf5c7786"}
[2026-01-30 20:19:33] {"event":"normal-login-success","user_id":1,"token":"97e07e11ef1d34467f5d5433ef32e840647e9eca637ae690416c561bc53e36de","session_id":"4771bee2343fd0350ddfec7a724f84c3"}
[2026-01-30 20:20:52] {"event":"login.php load","session_id":"27ddac336409ecff3749e48b0f9c807f","has_state":false,"cookie_quill":null,"cookie_sid":"27ddac336409ecff3749e48b0f9c807f"}
[2026-01-30 20:20:52] {"event":"ms_state_created","state_saved":"aa9a6db0ae5b7c8f4334f85c24599749","session_id":"27ddac336409ecff3749e48b0f9c807f","cookie_sid":"27ddac336409ecff3749e48b0f9c807f"}
[2026-01-30 20:21:06] {"event":"login.php load","session_id":"27ddac336409ecff3749e48b0f9c807f","has_state":true,"cookie_quill":null,"cookie_sid":"27ddac336409ecff3749e48b0f9c807f"}
[2026-01-30 20:21:06] {"event":"normal-login-success","user_id":1,"token":"adb5ea842c5d214f07c55456efd98bbfd1c1afccb80f913dc5faa0e45e819eb5","session_id":"5fb753241adcbcc41d11bf3ef7c08b36"}
[2026-01-30 20:26:52] {"event":"login.php load","session_id":"27ddac336409ecff3749e48b0f9c807f","has_state":false,"cookie_quill":null,"cookie_sid":"27ddac336409ecff3749e48b0f9c807f"}
[2026-01-30 20:26:52] {"event":"ms_state_created","state_saved":"e3abac4dac8374f2c4d180eaaf80f355","session_id":"27ddac336409ecff3749e48b0f9c807f","cookie_sid":"27ddac336409ecff3749e48b0f9c807f"}
[2026-01-30 20:27:00] {"event":"login.php load","session_id":"27ddac336409ecff3749e48b0f9c807f","has_state":true,"cookie_quill":null,"cookie_sid":"27ddac336409ecff3749e48b0f9c807f"}
[2026-01-30 20:27:00] {"event":"normal-login-success","user_id":1,"token":"588efd42d3d927ee6ce4ced595444b2945acccd895a2408a212ac76207e4c0f8","session_id":"5a637ac759e575abb9975b6e307c5c42"}
[2026-01-30 20:31:14] {"event":"login.php load","session_id":"478eff7261aa72d1da40d0259c5f6245","has_state":false,"cookie_quill":null,"cookie_sid":"478eff7261aa72d1da40d0259c5f6245"}
[2026-01-30 20:31:14] {"event":"ms_state_created","state_saved":"a81a99164e2f308632fd8b5b9724ff01","session_id":"478eff7261aa72d1da40d0259c5f6245","cookie_sid":"478eff7261aa72d1da40d0259c5f6245"}
[2026-01-30 20:31:23] {"event":"login.php load","session_id":"478eff7261aa72d1da40d0259c5f6245","has_state":true,"cookie_quill":null,"cookie_sid":"478eff7261aa72d1da40d0259c5f6245"}
[2026-01-30 20:31:23] {"event":"normal-login-success","user_id":1,"token":"06977542bad01af695d2a9b55a644fbac28325d4d442e43de34b09abc6da630a","session_id":"319f79da906905f9a790e4cc86fe54ec"}
[2026-01-31 10:40:31] {"event":"login.php load","session_id":"7dcf928a1d76952f68787248cf5c7786","has_state":false,"cookie_quill":null,"cookie_sid":"7dcf928a1d76952f68787248cf5c7786"}
[2026-01-31 10:40:31] {"event":"ms_state_created","state_saved":"28a62ab0a8a20f7b491e82ec9633bfc1","session_id":"7dcf928a1d76952f68787248cf5c7786","cookie_sid":"7dcf928a1d76952f68787248cf5c7786"}
[2026-01-31 10:40:37] {"event":"login.php load","session_id":"4771bee2343fd0350ddfec7a724f84c3","has_state":true,"cookie_quill":null,"cookie_sid":"4771bee2343fd0350ddfec7a724f84c3"}
[2026-01-31 10:40:37] {"event":"normal-login-success","user_id":1,"token":"128e516ea7759ef2a61e64b566074f24b8aa724b1b85ca2cb38d1ab6738549d6","session_id":"26be1ffafff00ac05033cfa7030f5234"}
[2026-01-31 10:48:43] {"event":"login.php load","session_id":"3ef20e3164887bd3fd5b5335e79be0a8","has_state":false,"cookie_quill":null,"cookie_sid":"3ef20e3164887bd3fd5b5335e79be0a8"}
[2026-01-31 10:48:43] {"event":"ms_state_created","state_saved":"33223520865fa82afeb218827c27779c","session_id":"3ef20e3164887bd3fd5b5335e79be0a8","cookie_sid":"3ef20e3164887bd3fd5b5335e79be0a8"}
[2026-01-31 10:48:50] {"event":"login.php load","session_id":"3ef20e3164887bd3fd5b5335e79be0a8","has_state":true,"cookie_quill":null,"cookie_sid":"3ef20e3164887bd3fd5b5335e79be0a8"}
[2026-01-31 10:48:50] {"event":"normal-login-failed","username":"Mohamed Kamal"}
[2026-01-31 10:48:50] {"event":"ms_state_created","state_saved":"c30c1bd11dfc7241b7c3cfff6720b242","session_id":"3ef20e3164887bd3fd5b5335e79be0a8","cookie_sid":"3ef20e3164887bd3fd5b5335e79be0a8"}
[2026-01-31 10:48:57] {"event":"login.php load","session_id":"3ef20e3164887bd3fd5b5335e79be0a8","has_state":true,"cookie_quill":null,"cookie_sid":"3ef20e3164887bd3fd5b5335e79be0a8"}
[2026-01-31 10:48:57] {"event":"normal-login-failed","username":"Mohamed Kamal"}
[2026-01-31 10:48:57] {"event":"ms_state_created","state_saved":"5006208d13a5887325fa86b34ced952a","session_id":"3ef20e3164887bd3fd5b5335e79be0a8","cookie_sid":"3ef20e3164887bd3fd5b5335e79be0a8"}
[2026-01-31 10:49:08] {"event":"login.php load","session_id":"3ef20e3164887bd3fd5b5335e79be0a8","has_state":true,"cookie_quill":null,"cookie_sid":"3ef20e3164887bd3fd5b5335e79be0a8"}
[2026-01-31 10:49:08] {"event":"normal-login-success","user_id":1,"token":"464a519efbe7f7d0f1c23b8197c72acf66de5ce2f9a1af44a03b76e33a4507ea","session_id":"d8e17316448db52c79d7eb826682a28a"}
[2026-01-31 10:50:41] {"event":"login.php load","session_id":"bc16b54c19946f14bf995870fbfa74fb","has_state":false,"cookie_quill":null,"cookie_sid":null}
[2026-01-31 10:50:41] {"event":"ms_state_created","state_saved":"9f9d6f55821cf66bbc67ef73b21a5d25","session_id":"bc16b54c19946f14bf995870fbfa74fb","cookie_sid":null}
[2026-01-31 10:50:51] {"event":"login.php load","session_id":"bc16b54c19946f14bf995870fbfa74fb","has_state":true,"cookie_quill":null,"cookie_sid":"bc16b54c19946f14bf995870fbfa74fb"}
[2026-01-31 10:50:51] {"event":"normal-login-success","user_id":1,"token":"6c669b0732c769cfcaa306d7e7b4ba40f2ec2a30cd12ab324a8f8e119ac69f1f","session_id":"ca51d325d02cb787efe6f3974bad3f1a"}
[2026-01-31 10:59:00] {"event":"login.php load","session_id":"3ef20e3164887bd3fd5b5335e79be0a8","has_state":false,"cookie_quill":null,"cookie_sid":"3ef20e3164887bd3fd5b5335e79be0a8"}
[2026-01-31 10:59:00] {"event":"ms_state_created","state_saved":"4099e1340250fb0bca4acda1d0d418d9","session_id":"3ef20e3164887bd3fd5b5335e79be0a8","cookie_sid":"3ef20e3164887bd3fd5b5335e79be0a8"}
[2026-01-31 11:52:54] {"event":"login.php load","session_id":"3ce33d6e60aca1dd4aeee28cab77067a","has_state":false,"cookie_quill":null,"cookie_sid":"3ce33d6e60aca1dd4aeee28cab77067a"}
[2026-01-31 11:52:54] {"event":"ms_state_created","state_saved":"191f35bf8caa679fe9cd074d2043fa74","session_id":"3ce33d6e60aca1dd4aeee28cab77067a","cookie_sid":"3ce33d6e60aca1dd4aeee28cab77067a"}
[2026-01-31 11:53:03] {"event":"login.php load","session_id":"3ce33d6e60aca1dd4aeee28cab77067a","has_state":true,"cookie_quill":null,"cookie_sid":"3ce33d6e60aca1dd4aeee28cab77067a"}
[2026-01-31 11:53:03] {"event":"normal-login-success","user_id":1,"token":"f93930dcb073d682522cf43650cbf7fabc5b696ba8f2037a0f6dbb6c3af289d5","session_id":"b63b808bfb3cd57312eeaaf41ae65339"}
[2026-01-31 11:53:08] {"event":"login.php load","session_id":"3ce33d6e60aca1dd4aeee28cab77067a","has_state":false,"cookie_quill":null,"cookie_sid":"3ce33d6e60aca1dd4aeee28cab77067a"}
[2026-01-31 11:53:08] {"event":"ms_state_created","state_saved":"2790402ebe9bc6181fc2a601e6908a0b","session_id":"3ce33d6e60aca1dd4aeee28cab77067a","cookie_sid":"3ce33d6e60aca1dd4aeee28cab77067a"}
[2026-01-31 11:53:28] {"event":"login.php load","session_id":"3ce33d6e60aca1dd4aeee28cab77067a","has_state":true,"cookie_quill":null,"cookie_sid":"3ce33d6e60aca1dd4aeee28cab77067a"}
[2026-01-31 11:53:28] {"event":"ms_state_created","state_saved":"0497b4dbc06cf8ac443bf889625f578f","session_id":"3ce33d6e60aca1dd4aeee28cab77067a","cookie_sid":"3ce33d6e60aca1dd4aeee28cab77067a"}
[2026-01-31 11:53:36] {"event":"login.php load","session_id":"3ce33d6e60aca1dd4aeee28cab77067a","has_state":true,"cookie_quill":null,"cookie_sid":"3ce33d6e60aca1dd4aeee28cab77067a"}
[2026-01-31 11:53:36] {"event":"normal-login-success","user_id":1,"token":"0d052c98fba9a04c839485bd1a6c4a338beb99831de058f51297f78c775e149c","session_id":"848b6b5e8adc53c03bbd33f3f99f207e"}
[2026-01-31 11:53:59] {"event":"login.php load","session_id":"3ce33d6e60aca1dd4aeee28cab77067a","has_state":false,"cookie_quill":null,"cookie_sid":"3ce33d6e60aca1dd4aeee28cab77067a"}
[2026-01-31 11:53:59] {"event":"ms_state_created","state_saved":"b239f337a661500fbddd508a06c29019","session_id":"3ce33d6e60aca1dd4aeee28cab77067a","cookie_sid":"3ce33d6e60aca1dd4aeee28cab77067a"}
[2026-01-31 11:54:32] {"event":"login.php load","session_id":"848b6b5e8adc53c03bbd33f3f99f207e","has_state":true,"cookie_quill":null,"cookie_sid":"848b6b5e8adc53c03bbd33f3f99f207e"}
[2026-01-31 11:54:32] {"event":"ms_state_created","state_saved":"af142d7e0eba73541d8a766c3cbe1de3","session_id":"848b6b5e8adc53c03bbd33f3f99f207e","cookie_sid":"848b6b5e8adc53c03bbd33f3f99f207e"}
[2026-01-31 11:54:46] {"event":"login.php load","session_id":"848b6b5e8adc53c03bbd33f3f99f207e","has_state":true,"cookie_quill":null,"cookie_sid":"848b6b5e8adc53c03bbd33f3f99f207e"}
[2026-01-31 11:54:46] {"event":"normal-login-success","user_id":1,"token":"6341f63155a949b62111ddcc44894495f666b6e7eebaefcfa90c721378c6aef6","session_id":"5242b8e101327a78c2c5374446a7925c"}
[2026-01-31 18:24:17] {"event":"login.php load","session_id":"848b6b5e8adc53c03bbd33f3f99f207e","has_state":false,"cookie_quill":null,"cookie_sid":"848b6b5e8adc53c03bbd33f3f99f207e"}
[2026-01-31 18:24:17] {"event":"ms_state_created","state_saved":"64ca7cf1ee3d7a25de6ec32bab6cdd5d","session_id":"848b6b5e8adc53c03bbd33f3f99f207e","cookie_sid":"848b6b5e8adc53c03bbd33f3f99f207e"}
[2026-01-31 18:24:38] {"event":"login.php load","session_id":"848b6b5e8adc53c03bbd33f3f99f207e","has_state":true,"cookie_quill":null,"cookie_sid":"848b6b5e8adc53c03bbd33f3f99f207e"}
[2026-01-31 18:24:38] {"event":"ms_state_created","state_saved":"190dc11410174411c24c4396f3a7454f","session_id":"848b6b5e8adc53c03bbd33f3f99f207e","cookie_sid":"848b6b5e8adc53c03bbd33f3f99f207e"}
[2026-01-31 18:25:24] {"event":"login.php load","session_id":"848b6b5e8adc53c03bbd33f3f99f207e","has_state":true,"cookie_quill":null,"cookie_sid":"848b6b5e8adc53c03bbd33f3f99f207e"}
[2026-01-31 18:25:24] {"event":"ms_state_created","state_saved":"448a2bcedf40db42d1a1b595a76949ce","session_id":"848b6b5e8adc53c03bbd33f3f99f207e","cookie_sid":"848b6b5e8adc53c03bbd33f3f99f207e"}
[2026-01-31 18:25:35] {"event":"login.php load","session_id":"848b6b5e8adc53c03bbd33f3f99f207e","has_state":true,"cookie_quill":null,"cookie_sid":"848b6b5e8adc53c03bbd33f3f99f207e"}
[2026-01-31 18:25:35] {"event":"normal-login-success","user_id":1,"token":"41570eb85d19f202fecb591c5292b797572c838a444398ada509c44f9f4103f3","session_id":"2f4f80a2a34f5f5394f68dbf7c804ce5"}
[2026-01-31 19:49:54] {"event":"login.php load","session_id":"848b6b5e8adc53c03bbd33f3f99f207e","has_state":false,"cookie_quill":null,"cookie_sid":"848b6b5e8adc53c03bbd33f3f99f207e"}
[2026-01-31 19:49:54] {"event":"ms_state_created","state_saved":"c580b7ae01c55b12e28c23097faf156d","session_id":"848b6b5e8adc53c03bbd33f3f99f207e","cookie_sid":"848b6b5e8adc53c03bbd33f3f99f207e"}
[2026-01-31 19:49:57] {"event":"login.php load","session_id":"848b6b5e8adc53c03bbd33f3f99f207e","has_state":false,"cookie_quill":null,"cookie_sid":"848b6b5e8adc53c03bbd33f3f99f207e"}
[2026-01-31 19:49:57] {"event":"ms_state_created","state_saved":"2bc27b017c3a54ab55e0bffd4d4ccb75","session_id":"848b6b5e8adc53c03bbd33f3f99f207e","cookie_sid":"848b6b5e8adc53c03bbd33f3f99f207e"}
[2026-01-31 19:50:10] {"event":"login.php load","session_id":"848b6b5e8adc53c03bbd33f3f99f207e","has_state":true,"cookie_quill":null,"cookie_sid":"848b6b5e8adc53c03bbd33f3f99f207e"}
[2026-01-31 19:50:10] {"event":"normal-login-success","user_id":1,"token":"18c141d5477dd39e727b32a5ed236760ba3b068f024b1550a96fc635c1afdaa9","session_id":"a60fc80d005e94e734278ece9531effd"}
[2026-01-31 20:51:04] {"event":"login.php load","session_id":"848b6b5e8adc53c03bbd33f3f99f207e","has_state":false,"cookie_quill":null,"cookie_sid":"848b6b5e8adc53c03bbd33f3f99f207e"}
[2026-01-31 20:51:04] {"event":"ms_state_created","state_saved":"a41e3c8c5631ffd83dddfecea19d64ad","session_id":"848b6b5e8adc53c03bbd33f3f99f207e","cookie_sid":"848b6b5e8adc53c03bbd33f3f99f207e"}
[2026-01-31 20:51:08] {"event":"login.php load","session_id":"848b6b5e8adc53c03bbd33f3f99f207e","has_state":false,"cookie_quill":null,"cookie_sid":"848b6b5e8adc53c03bbd33f3f99f207e"}
[2026-01-31 20:51:08] {"event":"ms_state_created","state_saved":"cf2a34f1612a9b0db22adfc038ce07c6","session_id":"848b6b5e8adc53c03bbd33f3f99f207e","cookie_sid":"848b6b5e8adc53c03bbd33f3f99f207e"}
[2026-01-31 20:51:21] {"event":"login.php load","session_id":"848b6b5e8adc53c03bbd33f3f99f207e","has_state":true,"cookie_quill":null,"cookie_sid":"848b6b5e8adc53c03bbd33f3f99f207e"}
[2026-01-31 20:51:21] {"event":"normal-login-success","user_id":1,"token":"3496d1af34e97c0b68205f7991290d2b18dcef963026d30477b400c0f0fa5195","session_id":"88998b35119fa37e86d99464985ec682"}
[2026-01-31 20:53:10] {"event":"login.php load","session_id":"87a06b2dde8ceb5ba9ce2b4cb2df957d","has_state":false,"cookie_quill":null,"cookie_sid":"87a06b2dde8ceb5ba9ce2b4cb2df957d"}
[2026-01-31 20:53:10] {"event":"ms_state_created","state_saved":"2601dae1cc793f224f46b227938b326b","session_id":"87a06b2dde8ceb5ba9ce2b4cb2df957d","cookie_sid":"87a06b2dde8ceb5ba9ce2b4cb2df957d"}
[2026-01-31 20:54:08] {"event":"login.php load","session_id":"7a4594db5465b1cde52b1830b0f55f7a","has_state":false,"cookie_quill":null,"cookie_sid":"7a4594db5465b1cde52b1830b0f55f7a"}
[2026-01-31 20:54:08] {"event":"ms_state_created","state_saved":"3f69261d5ed53d04539f588ca38fc608","session_id":"7a4594db5465b1cde52b1830b0f55f7a","cookie_sid":"7a4594db5465b1cde52b1830b0f55f7a"}
[2026-02-01 12:19:28] {"event":"login.php load","session_id":"7a4594db5465b1cde52b1830b0f55f7a","has_state":false,"cookie_quill":null,"cookie_sid":"7a4594db5465b1cde52b1830b0f55f7a"}
[2026-02-01 12:19:28] {"event":"ms_state_created","state_saved":"5d6960c7e611de92f6afb4cb16ab1e01","session_id":"7a4594db5465b1cde52b1830b0f55f7a","cookie_sid":"7a4594db5465b1cde52b1830b0f55f7a"}
[2026-02-01 12:26:13] {"event":"login.php load","session_id":"7a4594db5465b1cde52b1830b0f55f7a","has_state":true,"cookie_quill":null,"cookie_sid":"7a4594db5465b1cde52b1830b0f55f7a"}
[2026-02-01 12:26:13] {"event":"ms_state_created","state_saved":"314d972e59249951c71ea16b799b2134","session_id":"7a4594db5465b1cde52b1830b0f55f7a","cookie_sid":"7a4594db5465b1cde52b1830b0f55f7a"}
[2026-02-01 12:26:22] {"event":"login.php load","session_id":"7a4594db5465b1cde52b1830b0f55f7a","has_state":true,"cookie_quill":null,"cookie_sid":"7a4594db5465b1cde52b1830b0f55f7a"}
[2026-02-01 12:26:22] {"event":"normal-login-success","user_id":2,"token":"a00676fe5ebc28bc639fdbcda91e7d72d7afb18e72d071fe0243d263a22c23e5","session_id":"a9a858445139278e87b3846ff9486a87"}
[2026-02-01 12:29:56] {"event":"login.php load","session_id":"7a4594db5465b1cde52b1830b0f55f7a","has_state":false,"cookie_quill":null,"cookie_sid":"7a4594db5465b1cde52b1830b0f55f7a"}
[2026-02-01 12:29:56] {"event":"ms_state_created","state_saved":"a6e93715afb52332c89fcdbd5dd9229a","session_id":"7a4594db5465b1cde52b1830b0f55f7a","cookie_sid":"7a4594db5465b1cde52b1830b0f55f7a"}
[2026-02-01 12:30:03] {"event":"login.php load","session_id":"a9a858445139278e87b3846ff9486a87","has_state":true,"cookie_quill":null,"cookie_sid":"a9a858445139278e87b3846ff9486a87"}
[2026-02-01 12:30:03] {"event":"ms_state_created","state_saved":"6b9a56a1133e0d3a2929c9c73b3c87ba","session_id":"a9a858445139278e87b3846ff9486a87","cookie_sid":"a9a858445139278e87b3846ff9486a87"}
[2026-02-01 12:30:06] {"event":"callback-enter","_GET":{"code":"M.C515_SN1.2.U.Dmz!YbqNYg6z67*etWVPivXv1wDXFVJUKg0dsZCO7bCzJAOFvUvCSe*vMHoBOEfUFKvONrddjKIWOOFQMWEcNhq6jUig1iZ2mroOTKAdFRitZFdsv5SDiVmrJPCWkOZ7f*xx9ZsCKARETgDtopiIC7nMV70BSAv0CNO0buwfj7fEGlqJbVBqSqvQ4KnS92udI1!NDvssb5dAvvVz7qobE1DCF0OnXQ3sc*iF6qffQOWBz1ElQb!qla4aWHLVpMrmdt!Ng9FywsbsUj4XmCwA5aWaIzKvIhg5TwLAZqaYxv*n7CS16jTsfwkjyC74cXhJtwQ2YxMsrQSUQGzBPWG!1psYM1fCfhu3hKftDvNnbO2ZLJzJ14Gj0x*U9CiRo!ctXsk1oX!VpqYIhq09AK3ZqjBYXl6GLqKytN*Ry4fpSX7hBGzf!SZ6tA19Xstn38GQnTpdwcSXza3Nk99UOQyYdtwWwyFciBi9dcSJ5E0VL1!igN2DNSWp!jyL2xwu7w4pQeELmD2Vc1THIcHTIy5QDjCKjdSud9tdJ0*uWA7KDzDtVT1OLRyOsBClQfB0GTQPFLQR!m0fk9!5QkNN6tzn!4k$","state":"6b9a56a1133e0d3a2929c9c73b3c87ba"},"session_id":"a9a858445139278e87b3846ff9486a87","session_state":"6b9a56a1133e0d3a2929c9c73b3c87ba","cookie_sid":"a9a858445139278e87b3846ff9486a87"}
[2026-02-01 12:30:07] {"event":"token-response","resp":"{\"token_type\":\"Bearer\",\"scope\":\"openid email profile User.Read\",\"expires_in\":3599,\"ext_expires_in\":3599,\"access_token\":\"EwBYBMl6BAAUu4TQbLz/EdYigQnDPtIo76ZZUKsAAU3NH6KEKiOdzXV6Qt7Z59dXShjRyxsMBzrCed4Y5oB+el0TFGKCArMhq9eA9YnRq86UQLXWuYLRewJOZoq3mJHzsA7rqiXxzPsl9HWaXxzCUpL3zX4unbGWds2FpCjYVpd7VO74PpEmyDS2zwVkn8I8DKAKZ3//NifvvbNU5I3TKN1WQGEJ47misvipiuvKZ6Jou/d26NrEiwmN76luEHbgNMp5HhcLLItLvAQo+fa7Wy8wnUbcpHKgEDCdJTUlXOUd2Fmm5q5x1SBKeseBZu9EZDi4OylTaFlTKO46joVc5vWhb7HFlZJik/4JfUwuHxK9lDavx8rCw0a7f3RucQwQZgAAEAnR2Bo11xS2jR839t3Hp1EgA59zDZgxwaq7iuA7OB2ddjlh0f83JjuQITYj5ObZgz62JD3Flxgqfz4daKfkA7k3/yaiTQERa+HzClmGi5gSj94+TrKlTbS7Awkx/FckbHW/SNIlKu45e7sg1qzrl1CArcHTXSIFTggmk2bxMyHTJNXMIltrZqbiQASIag+MXlPhAM2Pa4VfaImvt+GTz0q71/NaBmmJ4acX1znIb/qtJGYiMLASX0ae/2Bdz93i89RKEdxdcvl19l3o7arLZGFhwBaVVQPEjUStPPE1r4NZL3GTxE/US5mnN9vOPu3B55azCs8spruqfwH5Nu4+bCm5AJwYzMYGQ06R8tncQvbXvrsmQx6pwnJWS5Q822geNPUHhgPyKn85Q92qoFB7HchUU2KNoeuyExW089biUPaXIE49+kPhcFtNubJiY33wQQDsNvR6+GOtDGjYsGU2Y5swOg21bp0BLO6KqFw/RwFg","curlErr":""}
[2026-02-01 12:30:07] {"event":"profile-response","profile_raw":"{\"@odata.context\":\"https://graph.microsoft.com/v1.0/$metadata#users/$entity\",\"userPrincipalName\":\"abdelmohsensaleh2013@gmail.com\",\"id\":\"26bdf046fd025d62\",\"displayName\":\"Abdelmohsen Saleh\",\"surname\":\"Saleh\",\"givenName\":\"Abdelmohsen\",\"preferredLanguage\":\"en-US\",\"mail\":\"abdelmohsensaleh2013@gmail.com\",\"mobilePhone\":null,\"jobTitle\":null,\"officeLocation\":null,\"businessPhones\":[]}","curlErr":""}
[2026-02-01 12:30:07] {"event":"found-user","email":"abdelmohsensaleh2013@gmail.com","userId":2}
[2026-02-01 12:30:07] {"event":"created-app-session","userId":2,"appToken":"00d2e7540902dd3aa4009db7b594df65fd1b5bb2294385a2525ec881895e5718"}
[2026-02-01 12:36:41] {"event":"login.php load","session_id":"a9a858445139278e87b3846ff9486a87","has_state":true,"cookie_quill":null,"cookie_sid":"a9a858445139278e87b3846ff9486a87"}
[2026-02-01 12:36:41] {"event":"ms_state_created","state_saved":"898a48038c31f2620201aa3a46ef8146","session_id":"a9a858445139278e87b3846ff9486a87","cookie_sid":"a9a858445139278e87b3846ff9486a87"}
[2026-02-01 12:37:07] {"event":"login.php load","session_id":"a9a858445139278e87b3846ff9486a87","has_state":true,"cookie_quill":null,"cookie_sid":"a9a858445139278e87b3846ff9486a87"}
[2026-02-01 12:37:07] {"event":"ms_state_created","state_saved":"985472d12616bd0aab8de54e44784215","session_id":"a9a858445139278e87b3846ff9486a87","cookie_sid":"a9a858445139278e87b3846ff9486a87"}
[2026-02-01 12:45:42] {"event":"login.php load","session_id":"a9a858445139278e87b3846ff9486a87","has_state":true,"cookie_quill":null,"cookie_sid":"a9a858445139278e87b3846ff9486a87"}
[2026-02-01 12:45:42] {"event":"ms_state_created","state_saved":"8d3963be4e2919034baa55448e648ac1","session_id":"a9a858445139278e87b3846ff9486a87","cookie_sid":"a9a858445139278e87b3846ff9486a87"}
[2026-02-01 12:45:48] {"event":"login.php load","session_id":"a9a858445139278e87b3846ff9486a87","has_state":true,"cookie_quill":null,"cookie_sid":"a9a858445139278e87b3846ff9486a87"}
[2026-02-01 12:45:48] {"event":"normal-login-success","user_id":1,"token":"ae48df430b1c07e7c1fbb162c1edf14422f52835f839cb99e6767535f3fc4389","session_id":"aeab80611e5de3758b62d7721f80ea94"}
[2026-02-01 12:58:26] {"event":"login.php load","session_id":"a9a858445139278e87b3846ff9486a87","has_state":false,"cookie_quill":null,"cookie_sid":"a9a858445139278e87b3846ff9486a87"}
[2026-02-01 12:58:26] {"event":"ms_state_created","state_saved":"7b279fd83a48f8e1f639203e7f65fc31","session_id":"a9a858445139278e87b3846ff9486a87","cookie_sid":"a9a858445139278e87b3846ff9486a87"}
[2026-02-01 12:58:36] {"event":"login.php load","session_id":"aeab80611e5de3758b62d7721f80ea94","has_state":true,"cookie_quill":null,"cookie_sid":"aeab80611e5de3758b62d7721f80ea94"}
[2026-02-01 12:58:36] {"event":"normal-login-success","user_id":2,"token":"f209e781c71dfb71dfc858501f4da388222313135eda8427afb10fde3ada8383","session_id":"c99880501ba252fbf9538f2c406c74c8"}
[2026-02-01 12:58:53] {"event":"login.php load","session_id":"aeab80611e5de3758b62d7721f80ea94","has_state":false,"cookie_quill":null,"cookie_sid":"aeab80611e5de3758b62d7721f80ea94"}
[2026-02-01 12:58:53] {"event":"ms_state_created","state_saved":"818c7f968247d54737b9e28bd71216c3","session_id":"aeab80611e5de3758b62d7721f80ea94","cookie_sid":"aeab80611e5de3758b62d7721f80ea94"}
[2026-02-01 12:59:03] {"event":"login.php load","session_id":"c99880501ba252fbf9538f2c406c74c8","has_state":true,"cookie_quill":null,"cookie_sid":"c99880501ba252fbf9538f2c406c74c8"}
[2026-02-01 12:59:04] {"event":"normal-login-success","user_id":1,"token":"22e0ed1fb8839b9c555012b67e7f4c425afe0bd9b3766442824e4726a717964b","session_id":"2a2838371c5acec490a265a4270445ff"}
[2026-02-01 13:11:56] {"event":"login.php load","session_id":"c99880501ba252fbf9538f2c406c74c8","has_state":false,"cookie_quill":null,"cookie_sid":"c99880501ba252fbf9538f2c406c74c8"}
[2026-02-01 13:11:56] {"event":"ms_state_created","state_saved":"ebea6185508eeeb503e84eebe68b720f","session_id":"c99880501ba252fbf9538f2c406c74c8","cookie_sid":"c99880501ba252fbf9538f2c406c74c8"}
[2026-02-01 13:11:58] {"event":"login.php load","session_id":"2a2838371c5acec490a265a4270445ff","has_state":true,"cookie_quill":null,"cookie_sid":"2a2838371c5acec490a265a4270445ff"}
[2026-02-01 13:11:58] {"event":"ms_state_created","state_saved":"ff4b822da74f9a873dd6ebde22506f38","session_id":"2a2838371c5acec490a265a4270445ff","cookie_sid":"2a2838371c5acec490a265a4270445ff"}
[2026-02-01 13:12:08] {"event":"login.php load","session_id":"2a2838371c5acec490a265a4270445ff","has_state":true,"cookie_quill":null,"cookie_sid":"2a2838371c5acec490a265a4270445ff"}
[2026-02-01 13:12:08] {"event":"normal-login-success","user_id":1,"token":"17295916d76ed39f92f906b80ba630c6e1579b4d043fe5b7915bc6e829299d3c","session_id":"92998613ea17ee47b60d67d6ee54014f"}
[2026-02-01 17:58:57] {"event":"login.php load","session_id":"2a2838371c5acec490a265a4270445ff","has_state":false,"cookie_quill":null,"cookie_sid":"2a2838371c5acec490a265a4270445ff"}
[2026-02-01 17:58:57] {"event":"ms_state_created","state_saved":"4ef8ec81be8f6f780deecf04828d1431","session_id":"2a2838371c5acec490a265a4270445ff","cookie_sid":"2a2838371c5acec490a265a4270445ff"}
[2026-02-01 17:59:35] {"event":"login.php load","session_id":"92998613ea17ee47b60d67d6ee54014f","has_state":true,"cookie_quill":null,"cookie_sid":"92998613ea17ee47b60d67d6ee54014f"}
[2026-02-01 17:59:35] {"event":"ms_state_created","state_saved":"646e26f355b522b66fa08449de401962","session_id":"92998613ea17ee47b60d67d6ee54014f","cookie_sid":"92998613ea17ee47b60d67d6ee54014f"}
[2026-02-01 17:59:42] {"event":"login.php load","session_id":"92998613ea17ee47b60d67d6ee54014f","has_state":true,"cookie_quill":null,"cookie_sid":"92998613ea17ee47b60d67d6ee54014f"}
[2026-02-01 17:59:42] {"event":"normal-login-success","user_id":1,"token":"cccf961f65814d296131640873fb54ec39e7c3f9ffd4645b55d9efbe0b6457ec","session_id":"94dae6e995f2a6cf2704260030754dfa"}
[2026-02-01 18:13:57] {"event":"login.php load","session_id":"92998613ea17ee47b60d67d6ee54014f","has_state":false,"cookie_quill":null,"cookie_sid":"92998613ea17ee47b60d67d6ee54014f"}
[2026-02-01 18:13:57] {"event":"ms_state_created","state_saved":"48a2cfb6d674e92409dddeff6c8ecc7f","session_id":"92998613ea17ee47b60d67d6ee54014f","cookie_sid":"92998613ea17ee47b60d67d6ee54014f"}
[2026-02-01 18:14:01] {"event":"login.php load","session_id":"92998613ea17ee47b60d67d6ee54014f","has_state":false,"cookie_quill":null,"cookie_sid":"92998613ea17ee47b60d67d6ee54014f"}
[2026-02-01 18:14:01] {"event":"ms_state_created","state_saved":"e5cb515a1207bc3289cb17d47b853c8e","session_id":"92998613ea17ee47b60d67d6ee54014f","cookie_sid":"92998613ea17ee47b60d67d6ee54014f"}
[2026-02-01 18:31:59] {"event":"login.php load","session_id":"92998613ea17ee47b60d67d6ee54014f","has_state":true,"cookie_quill":null,"cookie_sid":"92998613ea17ee47b60d67d6ee54014f"}
[2026-02-01 18:31:59] {"event":"normal-login-success","user_id":1,"token":"676f4a0322b69cf764bea3007c13aeb4c108792db46f30f2677652018d73af22","session_id":"84a8f31c51eeddb6391a9cd3871718f9"}
[2026-02-01 18:35:52] {"event":"login.php load","session_id":"92998613ea17ee47b60d67d6ee54014f","has_state":false,"cookie_quill":null,"cookie_sid":"92998613ea17ee47b60d67d6ee54014f"}
[2026-02-01 18:35:52] {"event":"ms_state_created","state_saved":"732d2e723b58941a508c1ace0c925c80","session_id":"92998613ea17ee47b60d67d6ee54014f","cookie_sid":"92998613ea17ee47b60d67d6ee54014f"}
[2026-02-01 18:35:55] {"event":"login.php load","session_id":"92998613ea17ee47b60d67d6ee54014f","has_state":false,"cookie_quill":null,"cookie_sid":"92998613ea17ee47b60d67d6ee54014f"}
[2026-02-01 18:35:55] {"event":"ms_state_created","state_saved":"ad5560ca7e09d379011f2254cbabfce2","session_id":"92998613ea17ee47b60d67d6ee54014f","cookie_sid":"92998613ea17ee47b60d67d6ee54014f"}
[2026-02-01 18:36:02] {"event":"login.php load","session_id":"92998613ea17ee47b60d67d6ee54014f","has_state":true,"cookie_quill":null,"cookie_sid":"92998613ea17ee47b60d67d6ee54014f"}
[2026-02-01 18:36:02] {"event":"normal-login-failed","username":"Mohsen"}
[2026-02-01 18:36:02] {"event":"ms_state_created","state_saved":"07938840d2dd5ac41ba10eae66831529","session_id":"92998613ea17ee47b60d67d6ee54014f","cookie_sid":"92998613ea17ee47b60d67d6ee54014f"}
[2026-02-01 18:36:10] {"event":"login.php load","session_id":"92998613ea17ee47b60d67d6ee54014f","has_state":true,"cookie_quill":null,"cookie_sid":"92998613ea17ee47b60d67d6ee54014f"}
[2026-02-01 18:36:10] {"event":"normal-login-success","user_id":2,"token":"0f1d82a11aade0453b5eb0da78b4c989e797e48b613b18cf47c13b83f3193b6e","session_id":"1f3890a5fe3bc9fb5765fe59410fe639"}
[2026-02-01 18:38:20] {"event":"login.php load","session_id":"92998613ea17ee47b60d67d6ee54014f","has_state":false,"cookie_quill":null,"cookie_sid":"92998613ea17ee47b60d67d6ee54014f"}
[2026-02-01 18:38:20] {"event":"ms_state_created","state_saved":"a08cc1f12c90f77a9e07e40392a3bdb2","session_id":"92998613ea17ee47b60d67d6ee54014f","cookie_sid":"92998613ea17ee47b60d67d6ee54014f"}
[2026-02-01 18:39:48] {"event":"login.php load","session_id":"92998613ea17ee47b60d67d6ee54014f","has_state":true,"cookie_quill":null,"cookie_sid":"92998613ea17ee47b60d67d6ee54014f"}
[2026-02-01 18:39:48] {"event":"ms_state_created","state_saved":"b1db72ea0b788e8fbd22e24cb9b33478","session_id":"92998613ea17ee47b60d67d6ee54014f","cookie_sid":"92998613ea17ee47b60d67d6ee54014f"}
[2026-02-01 18:50:58] {"event":"login.php load","session_id":"92998613ea17ee47b60d67d6ee54014f","has_state":false,"cookie_quill":null,"cookie_sid":"92998613ea17ee47b60d67d6ee54014f"}
[2026-02-01 18:50:58] {"event":"ms_state_created","state_saved":"831b97b25ab252988189fa150eb829ef","session_id":"92998613ea17ee47b60d67d6ee54014f","cookie_sid":"92998613ea17ee47b60d67d6ee54014f"}
[2026-02-08 19:07:45] {"event":"login.php load","session_id":"d3a5dfe5caa7778e1376739cfc28b990","has_state":false,"cookie_quill":null,"cookie_sid":"d3a5dfe5caa7778e1376739cfc28b990"}
[2026-02-08 19:07:45] {"event":"ms_state_created","state_saved":"4ed356ada04e0eafce12360dca45b5d3","session_id":"d3a5dfe5caa7778e1376739cfc28b990","cookie_sid":"d3a5dfe5caa7778e1376739cfc28b990"}
[2026-02-08 19:09:37] {"event":"login.php load","session_id":"d3a5dfe5caa7778e1376739cfc28b990","has_state":true,"cookie_quill":null,"cookie_sid":"d3a5dfe5caa7778e1376739cfc28b990"}
[2026-02-08 19:09:37] {"event":"ms_state_created","state_saved":"2078f68cec93af98c21b00a1cda9cff4","session_id":"d3a5dfe5caa7778e1376739cfc28b990","cookie_sid":"d3a5dfe5caa7778e1376739cfc28b990"}
[2026-02-08 19:09:48] {"event":"login.php load","session_id":"d3a5dfe5caa7778e1376739cfc28b990","has_state":true,"cookie_quill":null,"cookie_sid":"d3a5dfe5caa7778e1376739cfc28b990"}
[2026-02-08 19:09:48] {"event":"normal-login-success","user_id":1,"token":"7bbb33bdbf509abaf1c4e50d83bfdb79043007ebbfc4616b0e81ef141a83ac70","session_id":"3cdd11c55fd96b8c5a6da3f38d1cf0a5"}
[2026-02-08 19:09:50] {"event":"login.php load","session_id":"063d1643aa04d31802c82e3f3c864c47","has_state":false,"cookie_quill":null,"cookie_sid":null}
[2026-02-08 19:09:50] {"event":"ms_state_created","state_saved":"233509080f47d4467f73eaa817b86e99","session_id":"063d1643aa04d31802c82e3f3c864c47","cookie_sid":null}
[2026-02-08 19:10:17] {"event":"login.php load","session_id":"78e37eec3b5ae30b41c32f402b85c2a6","has_state":false,"cookie_quill":null,"cookie_sid":null}
[2026-02-08 19:10:17] {"event":"ms_state_created","state_saved":"bed170aa69d39f936820c64e992547c3","session_id":"78e37eec3b5ae30b41c32f402b85c2a6","cookie_sid":null}
[2026-02-08 19:28:55] {"event":"login.php load","session_id":"d3a5dfe5caa7778e1376739cfc28b990","has_state":false,"cookie_quill":null,"cookie_sid":"d3a5dfe5caa7778e1376739cfc28b990"}
[2026-02-08 19:28:55] {"event":"ms_state_created","state_saved":"91251db3f72c0bcd71e2fd36aa934c4a","session_id":"d3a5dfe5caa7778e1376739cfc28b990","cookie_sid":"d3a5dfe5caa7778e1376739cfc28b990"}
[2026-02-08 19:28:57] {"event":"login.php load","session_id":"d3a5dfe5caa7778e1376739cfc28b990","has_state":false,"cookie_quill":null,"cookie_sid":"d3a5dfe5caa7778e1376739cfc28b990"}
[2026-02-08 19:28:57] {"event":"ms_state_created","state_saved":"7c3f5d8efec5e913e786fea26985f50a","session_id":"d3a5dfe5caa7778e1376739cfc28b990","cookie_sid":"d3a5dfe5caa7778e1376739cfc28b990"}
[2026-02-08 19:29:16] {"event":"login.php load","session_id":"d3a5dfe5caa7778e1376739cfc28b990","has_state":true,"cookie_quill":null,"cookie_sid":"d3a5dfe5caa7778e1376739cfc28b990"}
[2026-02-08 19:29:16] {"event":"normal-login-success","user_id":1,"token":"5f8fe79602a65bb3f548565f6f408f275469f05245654c10bdd9f9c8ab042225","session_id":"48aea67e84a85fe37b159cf896ec4f14"}
[2026-02-08 19:33:50] {"event":"login.php load","session_id":"d3a5dfe5caa7778e1376739cfc28b990","has_state":false,"cookie_quill":null,"cookie_sid":"d3a5dfe5caa7778e1376739cfc28b990"}
[2026-02-08 19:33:50] {"event":"ms_state_created","state_saved":"e9bd66d2ad7895430bb96cc5dfac28da","session_id":"d3a5dfe5caa7778e1376739cfc28b990","cookie_sid":"d3a5dfe5caa7778e1376739cfc28b990"}
[2026-02-08 19:36:41] {"event":"login.php load","session_id":"d3a5dfe5caa7778e1376739cfc28b990","has_state":true,"cookie_quill":null,"cookie_sid":"d3a5dfe5caa7778e1376739cfc28b990"}
[2026-02-08 19:36:41] {"event":"ms_state_created","state_saved":"8a5c4bd170dd621087938719d7774799","session_id":"d3a5dfe5caa7778e1376739cfc28b990","cookie_sid":"d3a5dfe5caa7778e1376739cfc28b990"}
[2026-02-08 19:36:52] {"event":"login.php load","session_id":"d3a5dfe5caa7778e1376739cfc28b990","has_state":true,"cookie_quill":null,"cookie_sid":"d3a5dfe5caa7778e1376739cfc28b990"}
[2026-02-08 19:36:52] {"event":"normal-login-success","user_id":1,"token":"7d8b128a3656380422fb9ee9c15f792885c6777bcfdaae9efa84d711b6a8b65d","session_id":"6cebbac3e73c7e91ac4fdb2c2b0dced2"}
[2026-02-08 20:30:16] {"event":"login.php load","session_id":"d3a5dfe5caa7778e1376739cfc28b990","has_state":false,"cookie_quill":null,"cookie_sid":"d3a5dfe5caa7778e1376739cfc28b990"}
[2026-02-08 20:30:16] {"event":"ms_state_created","state_saved":"d2756bd56fc66ca4387070cfcb4e7cb9","session_id":"d3a5dfe5caa7778e1376739cfc28b990","cookie_sid":"d3a5dfe5caa7778e1376739cfc28b990"}
[2026-02-08 20:30:20] {"event":"login.php load","session_id":"d3a5dfe5caa7778e1376739cfc28b990","has_state":false,"cookie_quill":null,"cookie_sid":"d3a5dfe5caa7778e1376739cfc28b990"}
[2026-02-08 20:30:20] {"event":"ms_state_created","state_saved":"2fa0787178b8bcf8048a02a9c2eb65c7","session_id":"d3a5dfe5caa7778e1376739cfc28b990","cookie_sid":"d3a5dfe5caa7778e1376739cfc28b990"}
[2026-02-08 20:30:33] {"event":"login.php load","session_id":"d3a5dfe5caa7778e1376739cfc28b990","has_state":true,"cookie_quill":null,"cookie_sid":"d3a5dfe5caa7778e1376739cfc28b990"}
[2026-02-08 20:30:33] {"event":"normal-login-success","user_id":1,"token":"1567063a6028527eb3d508239ae071b99790a7a3b2cd2e1eb5a143b7de433f0d","session_id":"3e221925cd160ac09499b6aac61f7929"}
[2026-02-08 20:51:55] {"event":"login.php load","session_id":"d3a5dfe5caa7778e1376739cfc28b990","has_state":false,"cookie_quill":null,"cookie_sid":"d3a5dfe5caa7778e1376739cfc28b990"}
[2026-02-08 20:51:55] {"event":"ms_state_created","state_saved":"8ae6919937756224138d267de6435bab","session_id":"d3a5dfe5caa7778e1376739cfc28b990","cookie_sid":"d3a5dfe5caa7778e1376739cfc28b990"}
[2026-02-08 20:56:01] {"event":"login.php load","session_id":"3e221925cd160ac09499b6aac61f7929","has_state":true,"cookie_quill":null,"cookie_sid":"3e221925cd160ac09499b6aac61f7929"}
[2026-02-08 20:56:01] {"event":"normal-login-failed","username":"Mohamed Kamal"}
[2026-02-08 20:56:01] {"event":"ms_state_created","state_saved":"7ef39e9111b2c5434ab107ecbc3a882e","session_id":"3e221925cd160ac09499b6aac61f7929","cookie_sid":"3e221925cd160ac09499b6aac61f7929"}
[2026-02-08 20:56:12] {"event":"login.php load","session_id":"3e221925cd160ac09499b6aac61f7929","has_state":true,"cookie_quill":null,"cookie_sid":"3e221925cd160ac09499b6aac61f7929"}
[2026-02-08 20:56:12] {"event":"normal-login-failed","username":"Mohamed Kamal"}
[2026-02-08 20:56:12] {"event":"ms_state_created","state_saved":"c8a942b969f8b6a817294b471d2f4f51","session_id":"3e221925cd160ac09499b6aac61f7929","cookie_sid":"3e221925cd160ac09499b6aac61f7929"}
[2026-02-08 20:56:20] {"event":"login.php load","session_id":"3e221925cd160ac09499b6aac61f7929","has_state":true,"cookie_quill":null,"cookie_sid":"3e221925cd160ac09499b6aac61f7929"}
[2026-02-08 20:56:20] {"event":"normal-login-failed","username":"Mohamed Kamal"}
[2026-02-08 20:56:20] {"event":"ms_state_created","state_saved":"47a83280ddc5dac06df67052c03f3a9f","session_id":"3e221925cd160ac09499b6aac61f7929","cookie_sid":"3e221925cd160ac09499b6aac61f7929"}
[2026-02-08 20:56:25] {"event":"login.php load","session_id":"3e221925cd160ac09499b6aac61f7929","has_state":true,"cookie_quill":null,"cookie_sid":"3e221925cd160ac09499b6aac61f7929"}
[2026-02-08 20:56:25] {"event":"normal-login-failed","username":"Mohamed Kamal"}
[2026-02-08 20:56:25] {"event":"ms_state_created","state_saved":"6486c2f578eacfc6c35217f92c3d1712","session_id":"3e221925cd160ac09499b6aac61f7929","cookie_sid":"3e221925cd160ac09499b6aac61f7929"}
[2026-02-08 20:56:29] {"event":"login.php load","session_id":"3e221925cd160ac09499b6aac61f7929","has_state":true,"cookie_quill":null,"cookie_sid":"3e221925cd160ac09499b6aac61f7929"}
[2026-02-08 20:56:29] {"event":"ms_state_created","state_saved":"befce91bdb2db0618e34400fbc628b52","session_id":"3e221925cd160ac09499b6aac61f7929","cookie_sid":"3e221925cd160ac09499b6aac61f7929"}
[2026-02-08 20:56:41] {"event":"login.php load","session_id":"3e221925cd160ac09499b6aac61f7929","has_state":true,"cookie_quill":null,"cookie_sid":"3e221925cd160ac09499b6aac61f7929"}
[2026-02-08 20:56:41] {"event":"normal-login-failed","username":"Mohamed Kamal"}
[2026-02-08 20:56:41] {"event":"ms_state_created","state_saved":"8a77f690d4692da75aa83fb05f7d9c8d","session_id":"3e221925cd160ac09499b6aac61f7929","cookie_sid":"3e221925cd160ac09499b6aac61f7929"}
[2026-02-08 20:56:55] {"event":"login.php load","session_id":"3e221925cd160ac09499b6aac61f7929","has_state":true,"cookie_quill":null,"cookie_sid":"3e221925cd160ac09499b6aac61f7929"}
[2026-02-08 20:56:55] {"event":"normal-login-failed","username":"Mohamed"}
[2026-02-08 20:56:55] {"event":"ms_state_created","state_saved":"dceb397a3d66c022367a7b9e20942702","session_id":"3e221925cd160ac09499b6aac61f7929","cookie_sid":"3e221925cd160ac09499b6aac61f7929"}
[2026-02-08 20:57:15] {"event":"login.php load","session_id":"3e221925cd160ac09499b6aac61f7929","has_state":false,"cookie_quill":null,"cookie_sid":"3e221925cd160ac09499b6aac61f7929"}
[2026-02-08 20:57:15] {"event":"ms_state_created","state_saved":"9cedf9d5ef0a4920ddf442e733d756ca","session_id":"3e221925cd160ac09499b6aac61f7929","cookie_sid":"3e221925cd160ac09499b6aac61f7929"}
[2026-02-08 20:57:28] {"event":"login.php load","session_id":"3e221925cd160ac09499b6aac61f7929","has_state":true,"cookie_quill":null,"cookie_sid":"3e221925cd160ac09499b6aac61f7929"}
[2026-02-08 20:57:28] {"event":"normal-login-failed","username":"Mohamed"}
[2026-02-08 20:57:28] {"event":"ms_state_created","state_saved":"04a5f36f2c0fe2f220e6b40a9f8aa400","session_id":"3e221925cd160ac09499b6aac61f7929","cookie_sid":"3e221925cd160ac09499b6aac61f7929"}
[2026-02-08 20:57:57] {"event":"login.php load","session_id":"3e221925cd160ac09499b6aac61f7929","has_state":true,"cookie_quill":null,"cookie_sid":"3e221925cd160ac09499b6aac61f7929"}
[2026-02-08 20:57:57] {"event":"normal-login-failed","username":"Mohamed Kamal"}
[2026-02-08 20:57:57] {"event":"ms_state_created","state_saved":"caae06049864b418a7d56005372edb80","session_id":"3e221925cd160ac09499b6aac61f7929","cookie_sid":"3e221925cd160ac09499b6aac61f7929"}
[2026-02-08 20:58:21] {"event":"login.php load","session_id":"3e221925cd160ac09499b6aac61f7929","has_state":true,"cookie_quill":null,"cookie_sid":"3e221925cd160ac09499b6aac61f7929"}
[2026-02-08 20:58:21] {"event":"normal-login-failed","username":"Mohamed Kamal"}
[2026-02-08 20:58:21] {"event":"ms_state_created","state_saved":"7d281045035a6652bdf8376abc2dc63e","session_id":"3e221925cd160ac09499b6aac61f7929","cookie_sid":"3e221925cd160ac09499b6aac61f7929"}
[2026-02-08 20:58:33] {"event":"login.php load","session_id":"3e221925cd160ac09499b6aac61f7929","has_state":true,"cookie_quill":null,"cookie_sid":"3e221925cd160ac09499b6aac61f7929"}
[2026-02-08 20:58:33] {"event":"normal-login-failed","username":"Mohamed"}
[2026-02-08 20:58:33] {"event":"ms_state_created","state_saved":"83f4dd57d1a903c02abc2bc5fac6483d","session_id":"3e221925cd160ac09499b6aac61f7929","cookie_sid":"3e221925cd160ac09499b6aac61f7929"}
[2026-02-08 21:00:29] {"event":"login.php load","session_id":"3e221925cd160ac09499b6aac61f7929","has_state":true,"cookie_quill":null,"cookie_sid":"3e221925cd160ac09499b6aac61f7929"}
[2026-02-08 21:00:29] {"event":"normal-login-failed","username":"Test User"}
[2026-02-08 21:00:29] {"event":"ms_state_created","state_saved":"da23c450fc016f0ca19813b34195cc0c","session_id":"3e221925cd160ac09499b6aac61f7929","cookie_sid":"3e221925cd160ac09499b6aac61f7929"}
[2026-02-08 21:00:58] {"event":"login.php load","session_id":"3e221925cd160ac09499b6aac61f7929","has_state":true,"cookie_quill":null,"cookie_sid":"3e221925cd160ac09499b6aac61f7929"}
[2026-02-08 21:00:58] {"event":"normal-login-failed","username":"Test User"}
[2026-02-08 21:00:58] {"event":"ms_state_created","state_saved":"2e3a7d86ecbde9608563c486ef016883","session_id":"3e221925cd160ac09499b6aac61f7929","cookie_sid":"3e221925cd160ac09499b6aac61f7929"}
[2026-02-08 21:01:16] {"event":"login.php load","session_id":"3e221925cd160ac09499b6aac61f7929","has_state":true,"cookie_quill":null,"cookie_sid":"3e221925cd160ac09499b6aac61f7929"}
[2026-02-08 21:01:16] {"event":"ms_state_created","state_saved":"260754b617bad1af621d69f64b028862","session_id":"3e221925cd160ac09499b6aac61f7929","cookie_sid":"3e221925cd160ac09499b6aac61f7929"}
[2026-02-08 21:07:36] {"event":"login.php load","session_id":"3e221925cd160ac09499b6aac61f7929","has_state":true,"cookie_quill":null,"cookie_sid":"3e221925cd160ac09499b6aac61f7929"}
[2026-02-08 21:07:36] {"event":"ms_state_created","state_saved":"dcf3332fce2968eaad102857583ad681","session_id":"3e221925cd160ac09499b6aac61f7929","cookie_sid":"3e221925cd160ac09499b6aac61f7929"}
[2026-02-08 21:07:45] {"event":"login.php load","session_id":"3e221925cd160ac09499b6aac61f7929","has_state":true,"cookie_quill":null,"cookie_sid":"3e221925cd160ac09499b6aac61f7929"}
[2026-02-08 21:07:45] {"event":"normal-login-success","user_id":164,"token":"2ba958ea546254e867211fc9aa90b2db10847792c95e7af7740e7856e348a485","session_id":"9e5a172409de9435d99af04fa9ad5bef"}
[2026-02-11 16:13:34] {"event":"login.php load","session_id":"755fb4e731db9a2faeafef3712459167","has_state":false,"cookie_quill":null,"cookie_sid":"755fb4e731db9a2faeafef3712459167"}
[2026-02-11 16:13:34] {"event":"ms_state_created","state_saved":"dfea6b872671fbff4b6f38bfeaae9b05","session_id":"755fb4e731db9a2faeafef3712459167","cookie_sid":"755fb4e731db9a2faeafef3712459167"}
[2026-02-11 16:13:43] {"event":"login.php load","session_id":"755fb4e731db9a2faeafef3712459167","has_state":true,"cookie_quill":null,"cookie_sid":"755fb4e731db9a2faeafef3712459167"}
[2026-02-11 16:13:43] {"event":"ms_state_created","state_saved":"a84e145761692c1c4ac34e3fdb43987e","session_id":"755fb4e731db9a2faeafef3712459167","cookie_sid":"755fb4e731db9a2faeafef3712459167"}
[2026-02-11 16:13:50] {"event":"login.php load","session_id":"755fb4e731db9a2faeafef3712459167","has_state":true,"cookie_quill":null,"cookie_sid":"755fb4e731db9a2faeafef3712459167"}
[2026-02-11 16:13:50] {"event":"normal-login-success","user_id":164,"token":"6290c423b48819ed33ee78e06d29bca10b8c9d5b009e8ead1c80b75bf5c4a60c","session_id":"879a0aaf4ebe517f65ad76afaf27b72e"}
[2026-02-11 20:41:44] {"event":"login.php load","session_id":"755fb4e731db9a2faeafef3712459167","has_state":false,"cookie_quill":null,"cookie_sid":"755fb4e731db9a2faeafef3712459167"}
[2026-02-11 20:41:44] {"event":"ms_state_created","state_saved":"3832bbc1b6889601a7007b20fc8f8c00","session_id":"755fb4e731db9a2faeafef3712459167","cookie_sid":"755fb4e731db9a2faeafef3712459167"}
[2026-02-11 20:41:45] {"event":"login.php load","session_id":"755fb4e731db9a2faeafef3712459167","has_state":false,"cookie_quill":null,"cookie_sid":"755fb4e731db9a2faeafef3712459167"}
[2026-02-11 20:41:45] {"event":"ms_state_created","state_saved":"98db1bf8b305cdf32ff07fbbd57dce0a","session_id":"755fb4e731db9a2faeafef3712459167","cookie_sid":"755fb4e731db9a2faeafef3712459167"}
[2026-02-13 19:16:47] {"event":"login.php load","session_id":"755fb4e731db9a2faeafef3712459167","has_state":true,"cookie_quill":null,"cookie_sid":"755fb4e731db9a2faeafef3712459167"}
[2026-02-13 19:16:47] {"event":"ms_state_created","state_saved":"660e6a57ac172cf26a459cf7b985607e","session_id":"755fb4e731db9a2faeafef3712459167","cookie_sid":"755fb4e731db9a2faeafef3712459167"}
[2026-02-13 19:16:59] {"event":"login.php load","session_id":"755fb4e731db9a2faeafef3712459167","has_state":true,"cookie_quill":null,"cookie_sid":"755fb4e731db9a2faeafef3712459167"}
[2026-02-13 19:16:59] {"event":"normal-login-success","user_id":164,"token":"b619cbaf82e563c34a3702c1160b9fa571a155ef8a0097f17018f9cbb77e7758","session_id":"9ddd77bdb0d44934dcf5b3dcbb58e25a"}
[2026-02-14 18:39:39] {"event":"login.php load","session_id":"755fb4e731db9a2faeafef3712459167","has_state":false,"cookie_quill":null,"cookie_sid":"755fb4e731db9a2faeafef3712459167"}
[2026-02-14 18:39:39] {"event":"ms_state_created","state_saved":"c6bce819ba7211ae0030ba64273bf223","session_id":"755fb4e731db9a2faeafef3712459167","cookie_sid":"755fb4e731db9a2faeafef3712459167"}
[2026-02-14 18:39:48] {"event":"login.php load","session_id":"9ddd77bdb0d44934dcf5b3dcbb58e25a","has_state":true,"cookie_quill":null,"cookie_sid":"9ddd77bdb0d44934dcf5b3dcbb58e25a"}
[2026-02-14 18:39:48] {"event":"ms_state_created","state_saved":"127d718031b079f07900adbd22513073","session_id":"9ddd77bdb0d44934dcf5b3dcbb58e25a","cookie_sid":"9ddd77bdb0d44934dcf5b3dcbb58e25a"}
[2026-02-14 18:39:54] {"event":"login.php load","session_id":"9ddd77bdb0d44934dcf5b3dcbb58e25a","has_state":true,"cookie_quill":null,"cookie_sid":"9ddd77bdb0d44934dcf5b3dcbb58e25a"}
[2026-02-14 18:39:54] {"event":"normal-login-failed","username":"Mohamed Kamal"}
[2026-02-14 18:39:54] {"event":"ms_state_created","state_saved":"ab295e242b30fb38a9e6c37c62868434","session_id":"9ddd77bdb0d44934dcf5b3dcbb58e25a","cookie_sid":"9ddd77bdb0d44934dcf5b3dcbb58e25a"}
[2026-02-14 18:40:00] {"event":"login.php load","session_id":"9ddd77bdb0d44934dcf5b3dcbb58e25a","has_state":true,"cookie_quill":null,"cookie_sid":"9ddd77bdb0d44934dcf5b3dcbb58e25a"}
[2026-02-14 18:40:00] {"event":"normal-login-success","user_id":164,"token":"e672ecf8e9c43143918cf73ebe0979c71fc8e57154740a02255cda9835ab0c0e","session_id":"d4dc0b2b26d3209a9dd77c3d228e0e6b"}
[2026-02-16 14:16:53] {"event":"login.php load","session_id":"851dfddb47d61366b07f88e7850361b2","has_state":false,"cookie_quill":null,"cookie_sid":"851dfddb47d61366b07f88e7850361b2"}
[2026-02-16 14:16:53] {"event":"ms_state_created","state_saved":"e325d53752ad304da7de60b4ddb03c3b","session_id":"851dfddb47d61366b07f88e7850361b2","cookie_sid":"851dfddb47d61366b07f88e7850361b2"}
[2026-02-16 14:17:00] {"event":"login.php load","session_id":"851dfddb47d61366b07f88e7850361b2","has_state":true,"cookie_quill":null,"cookie_sid":"851dfddb47d61366b07f88e7850361b2"}
[2026-02-16 14:17:00] {"event":"ms_state_created","state_saved":"e33d9ce1dca5a97effd5f404cc9d6f64","session_id":"851dfddb47d61366b07f88e7850361b2","cookie_sid":"851dfddb47d61366b07f88e7850361b2"}
[2026-02-16 14:17:05] {"event":"login.php load","session_id":"851dfddb47d61366b07f88e7850361b2","has_state":true,"cookie_quill":null,"cookie_sid":"851dfddb47d61366b07f88e7850361b2"}
[2026-02-16 14:17:05] {"event":"normal-login-success","user_id":164,"token":"b6a6e9665657bcea628b19a8b6145a4cf89b0dcc731c027e39aba04086f179cb","session_id":"a868bd374b660aec9af42bf5df301b55"}
[2026-02-21 23:49:32] {"event":"login.php load","session_id":"e0bc8acb105b0824f1130b325ce1bd92","has_state":false,"cookie_quill":null,"cookie_sid":"e0bc8acb105b0824f1130b325ce1bd92"}
[2026-02-21 23:49:32] {"event":"ms_state_created","state_saved":"f745cb962440fc2f78a65798bbc25f29","session_id":"e0bc8acb105b0824f1130b325ce1bd92","cookie_sid":"e0bc8acb105b0824f1130b325ce1bd92"}
[2026-02-21 23:49:34] {"event":"login.php load","session_id":"e0bc8acb105b0824f1130b325ce1bd92","has_state":true,"cookie_quill":null,"cookie_sid":"e0bc8acb105b0824f1130b325ce1bd92"}
[2026-02-21 23:49:34] {"event":"ms_state_created","state_saved":"134f9b4b464accdcc53bd102251b7bb1","session_id":"e0bc8acb105b0824f1130b325ce1bd92","cookie_sid":"e0bc8acb105b0824f1130b325ce1bd92"}
[2026-02-21 23:49:58] {"event":"login.php load","session_id":"e0bc8acb105b0824f1130b325ce1bd92","has_state":true,"cookie_quill":null,"cookie_sid":"e0bc8acb105b0824f1130b325ce1bd92"}
[2026-02-21 23:49:58] {"event":"normal-login-failed","username":"Test User & Test User2"}
[2026-02-21 23:49:58] {"event":"ms_state_created","state_saved":"9377cf432bc99fa0f3ec146833a8fcd2","session_id":"e0bc8acb105b0824f1130b325ce1bd92","cookie_sid":"e0bc8acb105b0824f1130b325ce1bd92"}
[2026-02-21 23:49:59] {"event":"login.php load","session_id":"e0bc8acb105b0824f1130b325ce1bd92","has_state":true,"cookie_quill":null,"cookie_sid":"e0bc8acb105b0824f1130b325ce1bd92"}
[2026-02-21 23:49:59] {"event":"normal-login-failed","username":"Test User & Test User2"}
[2026-02-21 23:49:59] {"event":"ms_state_created","state_saved":"401a15ddbcdb19dad55883aae46a785f","session_id":"e0bc8acb105b0824f1130b325ce1bd92","cookie_sid":"e0bc8acb105b0824f1130b325ce1bd92"}
[2026-02-21 23:50:07] {"event":"login.php load","session_id":"e0bc8acb105b0824f1130b325ce1bd92","has_state":true,"cookie_quill":null,"cookie_sid":"e0bc8acb105b0824f1130b325ce1bd92"}
[2026-02-21 23:50:07] {"event":"normal-login-failed","username":"eomsdv"}
[2026-02-21 23:50:07] {"event":"ms_state_created","state_saved":"acaafa96962c838d6b530ecfb092b614","session_id":"e0bc8acb105b0824f1130b325ce1bd92","cookie_sid":"e0bc8acb105b0824f1130b325ce1bd92"}
[2026-02-21 23:50:29] {"event":"login.php load","session_id":"e0bc8acb105b0824f1130b325ce1bd92","has_state":true,"cookie_quill":null,"cookie_sid":"e0bc8acb105b0824f1130b325ce1bd92"}
[2026-02-21 23:50:29] {"event":"normal-login-failed","username":"Test User & Test User2"}
[2026-02-21 23:50:29] {"event":"ms_state_created","state_saved":"9d5212c48734f348f5dd0f3d372e818c","session_id":"e0bc8acb105b0824f1130b325ce1bd92","cookie_sid":"e0bc8acb105b0824f1130b325ce1bd92"}
[2026-02-21 23:50:30] {"event":"login.php load","session_id":"e0bc8acb105b0824f1130b325ce1bd92","has_state":true,"cookie_quill":null,"cookie_sid":"e0bc8acb105b0824f1130b325ce1bd92"}
[2026-02-21 23:50:30] {"event":"normal-login-failed","username":"Test User & Test User2"}
[2026-02-21 23:50:30] {"event":"ms_state_created","state_saved":"2c261131fc4ca7f0c388e27f58443e44","session_id":"e0bc8acb105b0824f1130b325ce1bd92","cookie_sid":"e0bc8acb105b0824f1130b325ce1bd92"}
[2026-02-21 23:50:37] {"event":"login.php load","session_id":"e0bc8acb105b0824f1130b325ce1bd92","has_state":true,"cookie_quill":null,"cookie_sid":"e0bc8acb105b0824f1130b325ce1bd92"}
[2026-02-21 23:50:37] {"event":"normal-login-failed","username":"ungbvn"}
[2026-02-21 23:50:37] {"event":"ms_state_created","state_saved":"409f41b9c7e1da62fc90ddf53a38ca18","session_id":"e0bc8acb105b0824f1130b325ce1bd92","cookie_sid":"e0bc8acb105b0824f1130b325ce1bd92"}
[2026-02-21 23:51:03] {"event":"login.php load","session_id":"e0bc8acb105b0824f1130b325ce1bd92","has_state":true,"cookie_quill":null,"cookie_sid":"e0bc8acb105b0824f1130b325ce1bd92"}
[2026-02-21 23:51:03] {"event":"normal-login-failed","username":"Test User & Test User2"}
[2026-02-21 23:51:03] {"event":"ms_state_created","state_saved":"e9b8efdb591601c09f6021075bfdb5b7","session_id":"e0bc8acb105b0824f1130b325ce1bd92","cookie_sid":"e0bc8acb105b0824f1130b325ce1bd92"}
[2026-02-21 23:51:05] {"event":"login.php load","session_id":"e0bc8acb105b0824f1130b325ce1bd92","has_state":true,"cookie_quill":null,"cookie_sid":"e0bc8acb105b0824f1130b325ce1bd92"}
[2026-02-21 23:51:05] {"event":"normal-login-failed","username":"Test User & Test User2"}
[2026-02-21 23:51:05] {"event":"ms_state_created","state_saved":"0b3c4d192ddffebe05145a2dc916a04e","session_id":"e0bc8acb105b0824f1130b325ce1bd92","cookie_sid":"e0bc8acb105b0824f1130b325ce1bd92"}
[2026-02-21 23:51:06] {"event":"login.php load","session_id":"e0bc8acb105b0824f1130b325ce1bd92","has_state":true,"cookie_quill":null,"cookie_sid":"e0bc8acb105b0824f1130b325ce1bd92"}
[2026-02-21 23:51:06] {"event":"ms_state_created","state_saved":"7a6d39636ba5ad9338c4724d201725b9","session_id":"e0bc8acb105b0824f1130b325ce1bd92","cookie_sid":"e0bc8acb105b0824f1130b325ce1bd92"}
[2026-02-25 12:18:33] {"event":"login.php load","session_id":"9f559024bda0801633633906ce7d6327","has_state":false,"cookie_quill":null,"cookie_sid":null}
[2026-02-25 12:18:33] {"event":"ms_state_created","state_saved":"1693494d4eb46458f0357956b352ee0f","session_id":"9f559024bda0801633633906ce7d6327","cookie_sid":null}
[2026-03-06 12:43:17] {"event":"login.php load","session_id":"3cbc83dcb866066e46d2573bb951bf07","has_state":false,"cookie_quill":null,"cookie_sid":null}
[2026-03-06 12:43:17] {"event":"ms_state_created","state_saved":"7c4dc5d53c443318bfa062d624b4c338","session_id":"3cbc83dcb866066e46d2573bb951bf07","cookie_sid":null}
[2026-03-06 12:43:18] {"event":"login.php load","session_id":"c1b4aa361dc3ebfab40461c3b5a10a3c","has_state":false,"cookie_quill":null,"cookie_sid":null}
[2026-03-06 12:43:18] {"event":"ms_state_created","state_saved":"cc789868031fb822e5ad27a2ff4c2cf1","session_id":"c1b4aa361dc3ebfab40461c3b5a10a3c","cookie_sid":null}
[2026-03-08 18:33:42] {"event":"login.php load","session_id":"bc159be84052ec0e7a66ff0641861429","has_state":false,"cookie_quill":null,"cookie_sid":"bc159be84052ec0e7a66ff0641861429"}
[2026-03-08 18:33:42] {"event":"ms_state_created","state_saved":"391397874408d59e8bdb1c72ecd629e0","session_id":"bc159be84052ec0e7a66ff0641861429","cookie_sid":"bc159be84052ec0e7a66ff0641861429"}
[2026-03-08 18:33:51] {"event":"login.php load","session_id":"bc159be84052ec0e7a66ff0641861429","has_state":true,"cookie_quill":null,"cookie_sid":"bc159be84052ec0e7a66ff0641861429"}
[2026-03-08 18:33:51] {"event":"ms_state_created","state_saved":"fd14773d5c06ab170480e30fa48ffccf","session_id":"bc159be84052ec0e7a66ff0641861429","cookie_sid":"bc159be84052ec0e7a66ff0641861429"}
[2026-03-08 18:35:19] {"event":"login.php load","session_id":"bc159be84052ec0e7a66ff0641861429","has_state":true,"cookie_quill":null,"cookie_sid":"bc159be84052ec0e7a66ff0641861429"}
[2026-03-08 18:35:19] {"event":"ms_state_created","state_saved":"05e32ec376bc6eea7aa443580716dfb3","session_id":"bc159be84052ec0e7a66ff0641861429","cookie_sid":"bc159be84052ec0e7a66ff0641861429"}
[2026-03-08 18:35:23] {"event":"login.php load","session_id":"bc159be84052ec0e7a66ff0641861429","has_state":true,"cookie_quill":null,"cookie_sid":"bc159be84052ec0e7a66ff0641861429"}
[2026-03-08 18:35:23] {"event":"ms_state_created","state_saved":"14996d39b4ec0de59fd442d9d4b465a2","session_id":"bc159be84052ec0e7a66ff0641861429","cookie_sid":"bc159be84052ec0e7a66ff0641861429"}
[2026-03-08 18:39:25] {"event":"login.php load","session_id":"bc159be84052ec0e7a66ff0641861429","has_state":true,"cookie_quill":null,"cookie_sid":"bc159be84052ec0e7a66ff0641861429"}
[2026-03-08 18:39:25] {"event":"ms_state_created","state_saved":"bfa188df3ce37aed800c44c29c788dca","session_id":"bc159be84052ec0e7a66ff0641861429","cookie_sid":"bc159be84052ec0e7a66ff0641861429"}
[2026-03-08 18:39:30] {"event":"login.php load","session_id":"bc159be84052ec0e7a66ff0641861429","has_state":true,"cookie_quill":null,"cookie_sid":"bc159be84052ec0e7a66ff0641861429"}
[2026-03-08 18:39:31] {"event":"normal-login-success","user_id":164,"token":"d2a735aa7dda6510b1a89361bc01456a96b1a0015fc46d9aba0cb412e0650643","session_id":"549d6d6aced89d617d9539aec1b51fc0"}
[2026-03-08 18:39:41] {"event":"login.php load","session_id":"bc159be84052ec0e7a66ff0641861429","has_state":false,"cookie_quill":null,"cookie_sid":"bc159be84052ec0e7a66ff0641861429"}
[2026-03-08 18:39:41] {"event":"ms_state_created","state_saved":"a38fba83d2ab98f8bdfebbd40d4099cb","session_id":"bc159be84052ec0e7a66ff0641861429","cookie_sid":"bc159be84052ec0e7a66ff0641861429"}
[2026-03-08 18:46:12] {"event":"login.php load","session_id":"549d6d6aced89d617d9539aec1b51fc0","has_state":true,"cookie_quill":null,"cookie_sid":"549d6d6aced89d617d9539aec1b51fc0"}
[2026-03-08 18:46:12] {"event":"ms_state_created","state_saved":"7334397678bf1ebc5645c5b493a411f3","session_id":"549d6d6aced89d617d9539aec1b51fc0","cookie_sid":"549d6d6aced89d617d9539aec1b51fc0"}
[2026-03-08 18:51:13] {"event":"login.php load","session_id":"549d6d6aced89d617d9539aec1b51fc0","has_state":true,"cookie_quill":null,"cookie_sid":"549d6d6aced89d617d9539aec1b51fc0"}
[2026-03-08 18:51:13] {"event":"ms_state_created","state_saved":"a8d4407aa29fdc307f053b6acbf065db","session_id":"549d6d6aced89d617d9539aec1b51fc0","cookie_sid":"549d6d6aced89d617d9539aec1b51fc0"}
[2026-03-08 18:51:27] {"event":"login.php load","session_id":"549d6d6aced89d617d9539aec1b51fc0","has_state":true,"cookie_quill":null,"cookie_sid":"549d6d6aced89d617d9539aec1b51fc0"}
[2026-03-08 18:51:27] {"event":"ms_state_created","state_saved":"ffad00e11640789236c214f8743f27bc","session_id":"549d6d6aced89d617d9539aec1b51fc0","cookie_sid":"549d6d6aced89d617d9539aec1b51fc0"}
[2026-03-08 18:51:33] {"event":"login.php load","session_id":"549d6d6aced89d617d9539aec1b51fc0","has_state":true,"cookie_quill":null,"cookie_sid":"549d6d6aced89d617d9539aec1b51fc0"}
[2026-03-08 18:51:33] {"event":"normal-login-success","user_id":164,"token":"a6b5f9aa26e9ace17a7046d01fbbc1dfd4cb6d33c53d25b21df19970e8afc2f4","session_id":"1042c488de16d690cb76cb75b5e16fca"}
